tier,summonerId,summonerName,leaguePoints,wins,losses,veteran,inactive,freshBlood,hotStreak,account_id
CHALLENGER,RoD07ufGBEi4ld_X4ysX5WUtTpwZ_TKif6jbf_jRMQ9pwhU,원딜은무기력하다,714,67,37,False,False,False,False,la-HGbP9MZvYZZfqR2qC1FHwC7ygS7QTWhaM6BedPnto4gg
CHALLENGER,ugGMNiDS6RzSZANiIdGaTm5FJ-WywFDY_0dflOOqrQLrxnw,98 Haru,562,475,441,False,False,True,False,OOyEZZz_LgROWx_6HGoxwWgWEAM36nHMSiL5zzmPZrka9wQ
CHALLENGER,MuZ_85RxOC2rAO7V8AWJvFN3XcKFWqaz1fsLwRiO9fMmtPM,Juhana,995,440,399,True,False,False,False,3D4H9K4vktpvE_38CsL7pRLe59XCthMcBv-ragcIcmO0gPbelnzq01Yf
CHALLENGER,0kE1fUjQDtW7BRkV1GV93BAj-QFbMC4phdHbMYvpLZyUqRc,KT Rebel,1102,313,268,True,False,False,False,BCpq4MrCm969TOBswPlJyyAE3ymmFAQUtrcEnaG7JZ71wnA
CHALLENGER,oi5Ri08utKMXdnXtmTEeVU9ejUtLLtdUCs-_3ARNg9nvOMs,못할 때도 있지,737,317,281,True,False,False,False,KdMGpJLpcn18_RVIYxU8ZQRVBOz4jVbhFTfnXEEfidGWuZQ2dzfJ0hId
CHALLENGER,DRRHd-yN91vFhRZihIVflKj90bUXONPIupUILm7hKvbB2s8,방종하다,623,179,151,False,False,False,True,IvZ8rCTTz6-0oIcAnlLD5C11civCQxFZwNwDfoyE_nMu8g5juIaVm5w4
CHALLENGER,Wl13zIm9oD-R57Ma2ZH5kBEtOR6QlwTyHxGjZOf-y1hC99_FRq_fTmFGrQ,날 누가 막을건데,680,246,182,True,False,False,False,WhNnBTu4XEu4dEdW74llv97KPzxVx9Wv4viofZh2_7UVyseuTXU-4kIr
CHALLENGER,oM-5rRMUWUia65HSp31aL68nnPemHArZIbcOmBek3slEopF8ZHAtiX6Pag,mymx11,1118,114,76,False,False,False,False,QK6vAq4hy-d4C7v4qqMpQzRijXKe2AF8agdWhfHiW4moP2SL0mDLB331
CHALLENGER,HO16Zm5Pv45RI1EPMJqVVTx2V46JYx8gR0JPIzXO3BwlDtY,ACxiaohao,915,202,156,True,False,False,True,BK1LvAOF2i-TfpIU9gypKn3qhcdnKNpkpCCRAFyMp26Gz5GAhZVveVWP
CHALLENGER,hVHpgxb2z0vFvAJUOwyIBwOnb-qRh7wBB15sbbSFlBQAOUk,BRO Hoya,1406,245,184,True,False,False,True,WAPJ1cc-020Ixc74qzx2s-x6CEFdIU6hIyBIrSdkTs-ovXM
CHALLENGER,lUg8zs2dlmzSPyUq_CcpFtJRNBXe1LkXvTa06rtAwAoyhrI,AF Minit,654,276,252,False,False,True,False,H87mstXZoOzI-iYVvDg_3hkwr9O_26NgL6obNc-lNfnnkRQ
CHALLENGER,IQzI_pmJF1BVC6xrgKj5-nXePAjI_882KKZNfLONw5i8Xwo,교잘도,636,108,76,False,False,False,False,gFJwZ1cUS4lj1_c6VuxQCOckt_0ZiI1bLqab9UW-8JTuS0dheFqEZ1FQ
CHALLENGER,N0Qhs-3_aIxkJPMrwpNebAkEL-1WTwN2T4vDTNmv-zgitWFV4Rrgjy-NPw,tes 740565123,774,348,313,True,False,False,False,ZJbkNpwEGI17UAAlGt-JqZ2402080ow7aAnC8Jwz2Tqahm47y2HvyS9_
CHALLENGER,pMRYUNiUSjNBDm45GDKLfwGYMzxpZgKr6F4-91VWI_dx7I1dIxstkEC-Jg,invest for me,1052,111,80,False,False,False,False,QsPkZr-9SgwVWbGw913iZuw6qpU_d5K0RfBgl2tqHx-PML9ag1LrQ0kD
CHALLENGER,47mI1LDKj3RnbRGghSi7pEMTgJNQldcMCer0NxUj0Lwrn-wfkC_XLayR3w,duibuqiman,961,224,167,False,False,False,False,75LrkGsZ0Fh1EJmA85DGqh8mZYKbTDDlsL0nz8acoEIcXVlzv6EaSMTi
CHALLENGER,bN93cb19SLQ1kksNR_VtIzFRIub6Cr--gu0vvnCxvf9f-GI,FA MlD,961,261,213,True,False,False,True,sK2hLsVGEQ869oNenXef1NmNfgEE4DwARuWDUJdJAo75S9XlE1Obd014
CHALLENGER,kcKa9KTDzOmkijrhi5D10_aILOfqyqGfhi8zGMOr8BWGz7jjFQ8gVHKiAA,wanfeng,709,124,83,False,False,False,True,mpjV5h756PlHjKXSXZFOSDuY8thuGRbiHUY_zJ0j6HHqUtD733xl-ANs
CHALLENGER,JzGzPCppLQDg6-s4TUFHNIzcAdXtPI-9A65exq6ByI7bVQ,gongjianshou98,668,133,105,True,False,False,False,AwCpyo8HW0bT7Ph3eZz8WcHCnHSvLL32Hi5Om4WNVp0e
CHALLENGER,nC29hHdH4JV-dx7ZgwVEWxAcjjJNUR3pyIK6vIfBYT39UnY,Shadow Supreme,670,168,139,False,False,False,True,r48J1_V0vznygbxqztzrr3c0oFuVpbalsLjt_2PJLga0b74
CHALLENGER,im3afop6OPwrICfGK4164Jzwz2qLKp_6TYmm51_-oLO7RqVUEO5lHtc9eQ,Gdlovestory,625,524,469,False,False,True,True,Zi1As-rNNdiy8dqz03ZbU2CQdAbDKh3PQ7aqwATApVTKzYf-PCoJO2-l
CHALLENGER,KE1zzx3ptcbfecrvcxihIbABECV0m4JKtDtebk23MhbUPw,FIORAKlNG,569,162,131,False,False,True,False,XkF57vu_2xcHDzZNjRh0LPT9BimvdvGGia0ceakhSQIx
CHALLENGER,_VWfR583GZmVtgfoYXLMpz8qBCV0Zc2R_FvniGkyQgIhK-cJp1ThksPykg,biechibiech1,873,249,176,True,False,False,False,9dZExJLghcp5kAGktGyixdgF-lITtzHa-eANuiN3UbEqeNQFDurwirEM
CHALLENGER,KOXSvz3YymEIy5-WGDGTYa0h9UsmCbH5SiedHpHI7hNnI2Y,전민혁,640,184,146,False,False,False,False,xDx8t49dXBbmo83O9TIYj4nBFsh_q9aYNXnhJMaUNmUAGFc
CHALLENGER,53mD6mkeUDXIRNB-naN8ZbtxkbeMHUJjX1FiLQN2TZOn8T0qB4KNtP2gYw,Damn supporters,883,171,116,True,False,False,False,MZgXuUiSKWxo8VjHjo7eHtwHpG-H4YpaSS9vZHfRbRxXlTZyFK85Z3bW
CHALLENGER,iq3nhREVcF-qYIlBlP1zKTK1WpbxQcjdkvcmNWfyDMKPUCo,고등학생,610,659,606,False,False,True,False,E9AJpyAqPtXwX7cOiEP4U6vu70Nvx0gnPmLtb4eUJCRFtSw
CHALLENGER,eKH15g4h0qRZJRqkQDEQCZvTHXtQRr5sh9dBuW8hrDE254k,cexk1lng,654,141,113,False,False,False,False,XUtdqLROiAZAXXkS4BfUznu3KllWxJixr35xK9NaMt-b1Wk
CHALLENGER,K0gZN-JaEecSg85AbZ3pfyuC69rWrD15hSihNwTNp16K_jw,이렐아칼리,616,176,133,False,False,False,False,AdYRIXMkROjxVx1slYk6cBzY_gXAsaJVncbx-vPi1MJMFgc5LBFAqIuZ
CHALLENGER,JuNnBddaArKb6zXRhSjHrWMr9QalDFKLn9gbYPDYkhlvql038b8Fh_3j1g,열등감도 병이야,997,120,80,False,False,False,False,
CHALLENGER,dQrmjbopZBZCIyL_h_np2lKaEWyfx_z6hURQLowD4f8AlBQ,미북이,565,289,269,False,False,True,False,eWhx7hOFh5rk3rwuBGHAOX3JD6OBBnJqOGpGvZgOdLBNMxE
CHALLENGER,IHcfy8yABrICO29680wp82Qzwx0OwxjqScpY2o2GLwfIOSI,공기그자체,535,112,80,False,False,True,False,dTNRon3YFRzn3joxDF5ZgX6QX0sqZQtqPNYs7DWPiDERVPBDF1A1-P7c
CHALLENGER,ofDfS8KPDvqOeGyzQmPvFh-FtFCDxx_38-Q1gQvBZfXSV94,Fox B Cookie,645,185,153,False,False,False,False,p-nhuE8Bbxbm3kkc4NJdw088ktTCAhSfOcOWcAsrsEmy9oovdIGxa_rH
CHALLENGER,7Q6ZEVvj86dJ_2YB25ZiQComBMlK4UYcxfQwY1CRAeKzXi4,Mitsuki,609,217,161,False,False,False,False,u4H_MgOU6BOA8iDC8Vpg-2VkLlZXI7yJDoVe3ZU2AP0Zew-yFX5l5Qo_
CHALLENGER,kcmKJnDEDsNWhyW1o6CVZgbTcHlfZ7FO3bTNWB0znDeJ1z5AGeipfSUlIg,난 이제 악마다,1001,348,304,True,False,False,True,Ik6cdO4aOfW4rmZwNAmNrazEaBf6jM3CW55_fNCQ86pI1HFbrRWthFtx
CHALLENGER,saG9xjYRQ_UUM5GfAZMVjI1GWoLy9YQfRFegHiUlHYPhNS-QP2XCdPwwXA,YeQiuFengZZ,1062,153,106,True,False,False,True,65uku3X-JuTHgX1NVEu0Qdo6icXWtFo9Sl00FY3MAxpGJBTy74f16Ll1
CHALLENGER,urhN_FI9r4gIYiSR7U2rxU28fRNcNsBSWUsqxYkGej0VWLc,조급해하지 않기,637,367,342,False,False,True,False,6N8X3hwtGuhFYnFyGVnTFMF7jcMugXNeWiD2MdjxZocxR_8
CHALLENGER,cXZ1xG5wln_lmyrw5zzxF4oaZ80M2Q1L8N5_JM0E9uTd_eI,T1 Gumayusi,1158,446,402,True,False,False,False,foRlx9arE7SkAlNgf-jIjfSqyu5pXDpUIXgimJLRETwaGjQ
CHALLENGER,NV2baDQR96DoJdqE-wH7PRZkVecsm_2JqZIXMWclDTi1XvU,RIP20201231,915,187,147,True,False,False,False,FiyfiGhv3-gq0oHuJOHmW5OxPeSbjJsuiEUxvAWcCic9Dzg
CHALLENGER,Fh-ACvx0MDUOyt0cLy_8RC5wvhDluJvvmr2SuWWcruyjEA,질 듯,569,90,61,False,False,False,False,2jcbXSsvJDbkpsCFsMAgusAz4bz8j68520Y0m9uqTOIb
CHALLENGER,y5anFAe5uayFRpq8jUdUSADkjST_VrQ9V0C-024OOoEgofjHIUnAIuIFcA,cxzkdasjdqwoie,592,207,169,False,False,False,False,YROwzHu1K8qSFjrlSy5PJCs_y2wN1ey_5QYYBP0FIUlUp-58-n80zHKJ
CHALLENGER,F5wGRgmDOM03sstp__s3Ug4Bep_Bz_Gsm_TWshfZFossaXs,latuifipai,634,153,125,False,False,False,False,rL_0JCFabcAFG5uBuoTlzLdG184Z2x2Wx0-c3X3B8gjR1cc
CHALLENGER,Qg-mBgiQhOCFPXUJqx-MI5Ps7OmXarEWbGr9uU2UQMpFhd8,An Everglow,673,216,187,False,False,False,True,dH5dhvXfKdMDsF55Hf_wHlzu19sR7suJVPSPEZ-pmstM8SXNHv1sqP-w
CHALLENGER,f0uIVKT85sJt8UQ_GqyBagnpV8ShO1M1_OQFZSDC1NXZYxo_VFniuyBobw,hhxl,1261,225,149,True,False,False,False,
CHALLENGER,3o7gsfOqdU5_jBDQXGVp63YXC8EADPsHKdlUQO3gkPfA_R7yTilwqAkroA,zhiniantaishen,721,92,36,False,False,True,False,zTS_Jk0_eYQMP43uMiapMGJjPKN-whov9QWI84QFHZQI4mblUA1d4bmI
CHALLENGER,baRzvAlq9lFJYmUIZ4VzI9MMngQhvcUPEV2miAKtx4GtRIFjP-deumGtvw,70I,943,255,193,False,False,False,False,RdVHbHQiEyy4B791Eavtih7nquk9IAKb_9AGCbzPZXc_H3C35cFRMWi3
CHALLENGER,1AWpkL744JlPkwXO0gi8D-ufREvsvHAcC9MEEnNllcCey_Jd03r2MyiN1g,postersontwall,1131,522,471,True,False,False,True,d9XW0hyXsu-ypv9qUrqV9IJapIza8C3fCdhAUdpTSKHrPFBjZ9jbTVne
CHALLENGER,xxjJcXrWR2DoIaPrqgUAPHVzYn-b2ZoZd1WmkIi6te9RxRo,헤 돈,728,304,264,True,False,False,False,sKHlW6SvlWzMOciQ8rlCnibyOlfZuY-wQvpcSzQVhopRcHU
CHALLENGER,J-lZkMEH7hoNZwDDS6S0NI9mgYtjcRJHw6ZWfnOW6FfqL4M,에르피디,662,125,100,True,False,False,True,jLRst0TNXjKOD5QQLK7trC-Yt4jS1frLHGiV-yYVVLh-p1Q
CHALLENGER,xy9cGTGojhwfQe9wAd_NqXR1DI05DF3YuUWTRLY0EVlviusIp4ovxShxeQ,TwitchTV 지미321,668,104,65,False,False,False,False,fL4XQ8JQs8cn8F5Hc56k260UQ24ZdT6INNoUXgzRCcpJOMF3T6MRCCgK
CHALLENGER,btDwinsNvUg10IxSf9RqXZIAWDTMUm5xu5hyr-SlHjyV8BST9_jA6ObjZA,pqandlyh,697,123,80,False,False,True,False,Ax0_-yF81jH5wYgUoGoPMYvXjCmG1_ilEquGR5ChktCZz8Vumz9OSR64
CHALLENGER,8G07x9MUehVmTgbdswuzGdUaJGlH1OA2YXiY6bvfoESPj1I,axczsdasd,869,134,101,False,False,False,False,j8_QunaUGfrNWvRr2xjUkOgcuSzJ7DsUwtcnXgdBK6Srm_Q
CHALLENGER,_hJbjRJ8lAw3ccQG9477_1EY-7fbUthUZd5S2zbp5feSi9DL,우마이 우마이,713,136,103,False,False,False,False,9WdK_eRzlrTvZ3MlM6hbstbVVb23UaNzOr7l5q1ODfM4kHlzR85HMbca
CHALLENGER,aBDMky-_-_aHOc-cKjEJUGHr2J2hGppdJvdu2EhwhCH_idUtANuxzRFQFg,ha0yunba0bei,797,304,259,True,False,False,False,sWMxOzKOrX7WbKxsj80TATD6w_CO7T9jLv9mHpB8uvbsjPWa9Lx92VE8
CHALLENGER,FM_xZz0qF7A-en1pSQffEWzE7U93d6jp8L95KdGbzgzJyXdJxiRQBUxADw,asasasasasa,791,135,93,False,False,True,False,UvT5YKn1Trx5-U3g-_ptVKeNpuOE_0LCbbrHRmvUjjTVhvhs7m7cM2_4
CHALLENGER,WYDFEhX2nFq9mmtnQ8Zknnrs5mXyCA_mOQC6PxN8OMwyRYs,HLE Morgan1,1043,199,147,True,False,False,False,4JZNrNfRHWpxq7yjLGZ7fayuezBF6RlINREmrvcAeQmWr00
CHALLENGER,WmNn5vwIKhkos_dtrTWzlH0ZD0gLQEWG7YTqtBnnnnWMwdY,Liiv Summit,633,182,152,True,False,False,False,s6jr-NWkHnFM-oyKswulILMT6JjfopGBQAQvJBuAXq898vU
CHALLENGER,xTHEwLzVFEi2lJnfbE7roFl2Y-lxBrjm3Oy_ipOD7Q5-bYg,T1 Berserker,755,181,153,True,False,False,False,ob65gx3xugToWs8nrANzwltVVjyIgpowsTVLzhqJwDFRKtopjylZvfDQ
CHALLENGER,LEVnvAgZypsDnuzF_4rxA9n2Kyd5H0xVurusj0-MpGk4xPw,EDGY Swamp,662,263,232,False,False,False,False,BU0AzkdVg6ztu_97mOL7UfiDZUkVK9H-nY9-eu1dEuzS4rA
CHALLENGER,MiSJJo0YZ8l_b7G5z5R9yIZnYfJrwcBDuPd7qv_1OxtCV5U,BRO Gamin,553,186,142,False,False,True,False,2PAGuvGLW8zLihNV1AmKGChyqPMPL-3CeYD4kVmZHPYxYjdqAlmI145b
CHALLENGER,kGGKc1qEI-t4f5Rsvb7xgyBtDyCu9fQVIa6jPWyyIet4ahA,은가뉴,761,137,101,False,False,False,False,t0NszbAHSZiThQIvsJcMnEWJAcPGAVZ0HgRRUaFZOjTeTzk
CHALLENGER,eg-QOYi6KWw6yl_X-ZMna6YlHcrkFPBjRFRxY0bmlHdTdaI,Let me sup,622,247,217,True,False,False,False,XAObE0eCvvXJ52LmL7_UIh_zyuOUekQ7EzdQGZ9ALzPXyDY
CHALLENGER,9OIC9GBAdxRpYQjk9ZUYMdGa6dbXh-QNvWGRW_nOQzJ7jB0,nipiaoliang,801,91,68,False,False,False,False,U_yQhyAe1BgT33vOLzcKTXoOB2lAjW-dm58uNUSZrOwZJfBZU_uC8g7t
CHALLENGER,ChJcjVmmX-YFD6uz0pZeJs2vylVX0oLDJXiDmPY_2N_3U4xEs2mTznE5Ew,wsbshcjybpqy,895,359,297,False,False,True,False,98zY7BtI_6JFHTus7YG5m7Zu5pzHrliGLZA5r0xQRTc-W8YR1bliziNH
CHALLENGER,Fl1_zS3hLrCPl0roFzE1x674YIF90GewItkGQIY9FegBcUEXFgTUzPow7Q,shuoIezaijian,686,104,54,False,False,True,False,BHULR2RUijLSKqy3eClYbkP2Xddt5bvbNvtD-9ytOdnGWnlcYPAQweLE
CHALLENGER,cW6NfeNQbmzUguRQ7LCHtaLpPfJmQCWZb-Ts0GIPpAc9MKY,트위치 라쿤99,664,167,127,False,False,True,False,c4Xq-ZVj3-Zcl8tz8QxGa57W-_ece45VXiPkgP96FYKkzag
CHALLENGER,Pe5C3A8-IpWYJK9sz0FwbNGDaRw2m6RAEt3VnM2tJVoElJo,HLE Deft1,742,267,234,False,False,False,False,5_F5FMp2I0TjXIf07YGecjNQUyocBqPuLJVzpW0z1Sguc2M
CHALLENGER,HC7oxIKWlI9BRQaQ2rikxJHXfgNicw3b94lavqSUV_4jG5w,적당히좀하세염 ,598,201,118,False,False,False,False,rPy87K0697aBOMXCTOds-M1woNJo5ejW4xfMPfKj-eLDkrk
CHALLENGER,G3jQZ4xGvbz4WY3yyd3dErwvRvYVqlDCwH55juW2gums5Q,xiangtaosensei,606,164,128,False,False,True,True,Hvl8YpagnZMxbYIBZP3GGkQ_WI_z3vnGIK5pQTPR0R8
CHALLENGER,9qiGhGbu2R8T4tfcXAnMema-x7Vg9RLSdFep88QQFR0xrA4,xintai bang bang,884,365,325,True,False,False,False,jfdzczrlTOkKYCLw4FEdVnxvYKgGDKr-y5TU65PrFO9oHmv8M0odH6A3
CHALLENGER,S_r6zokEdZlVrTrl5hlvJ8sRX9ISGkl7M-1vc4k6KrujJ44,너무절실해,593,216,181,False,False,True,False,aIPQch2hi1-PbcLUrT7hciHlNsJBwgdCquKCzMQeqOZRYs8
CHALLENGER,7WHTJULlu5eOc2L12ot-HWBx2JEk0Id9ZHu3hyUI9ycZrA,elole,723,118,78,False,False,False,False,guWP-eoVZKuqk4eHQ-zSGZrQMQM8dffJTnNHYhC3EW61
CHALLENGER,716W_YtvX4d4QxsWNWjL2-CCuzjy6t8KI2V737fxx-pypyA,FA Archer,830,160,125,True,False,False,False,5iX8JDXqCVl_V7YYHY-0Xa8h5C_9dfqK6JJgdrIb4IhyElY1RmjJquU8
CHALLENGER,dw8ejH0eAU66OSvOKHNi5LrtqFnZhiVFRkq7pYi_-d_6Njg,FATE,632,135,100,False,False,True,False,HILRQD0UyyIAqE2MlUXeglgpvwySIQUOcAM2O3uIG4zQ2cI
CHALLENGER,JR7SEVuUyuarzQJzGyRHpOTs3Drhe45yRT5nzegiM9-JuIg,KT Dove,1337,330,265,True,False,False,False,gB0yKtu8W0XFXZ9mtwtV21wCkvsmWi-mrTppFwRbr88Cwdw
CHALLENGER,B-RZXlu6x2NYsREyrPc3vYrvWuIB7f30QxUojUAMpKzwaFnyYal76wLHlQ,wono smite,782,110,75,False,False,False,False,-imtH-RytLf5YqZihUUhX2lT3x2YrPvv1rwcgt4d_epuHXZpZO1Iamzb
CHALLENGER,LomVb7gAZevRRmfQRIObuWv2nDkmpNHz2-gsfj95KMKBZOQ,정훈이의 모험,1116,156,104,True,False,False,False,bsdYyjBNCHDiKcUFejW_MHzh9XL1CDETR1k3hAoReMr5NIA
CHALLENGER,5lfwrbIXjD8-Q9lr8PfWgDyWMZJWym_nGO0dWE1_UQl8ckvDmIa1irgzSg,Diabloi,674,262,238,False,False,False,False,GPbnGp7Xwo5gKiPWvnqPLDJ_HQcVESzphFVG1NVijr6rMI0BU3r_MmhO
CHALLENGER,GswQP3sp590J8_odvHH7HjoCeGiVki2P5Y27umZtIGEZUHE,ecnahC,600,330,310,True,False,False,False,4Weu135rvyjy8qa5UjDLJkvkWqHmzS6JaAPlJc1As6YSSuY
CHALLENGER,VwNBiIJ5FjdPAOTwJg2z89ZG2aP2wD5rOu7mNyEClLGntQQ,Gen G Peyz,618,537,510,True,False,False,False,bNkv_ARCVqujgXi2Kt5bghDBOKi_SVWyF-j90EXo9_MC9U6Xr9rUJ7Rc
CHALLENGER,KvTr-hTjyA7IpRPb1YWeHENZNTn-JF1d38T6WzyjVmjZGP4,샤코대장노령진,618,299,263,False,False,False,False,AZKRfAXmP_EFMefq4AUdbdjSQCcdbI0iZzKrnEypxwV6CMPLI0cqZ8JW
CHALLENGER,3d6w4NQnZ2qTe9QwLYC1H6Rls3dXZNDzgjU0bc31cLS5TA,챌딱콩,701,66,37,False,False,False,False,RdV80K-n0Uq1buGUIuFKRh4rok3cBeVPdYr8FyXvEZu7
CHALLENGER,pjNy94844cI2KtG77qbnX8dBsoIXHL5aKY8lOYgMUYM4Fjb6,수형아,695,99,69,False,False,False,False,g16rCXiJhIfA7Ca63_jmpfNwcVTIGLWNMDJFFtFDwOvXCZ1x1Nq5qwSj
CHALLENGER,m57jxdWXlYWe6mhD5JJHkMJ4-BOCpJ95JGeWTjfFVU_Ua0k,서폿있음,653,270,161,True,False,False,False,P6MVP1VzvCpD0KvthY2_Hiz0hHqSRDiBjvkRRGml8CBGSYUfwXINozFA
CHALLENGER,M1IbebY4Fk84r-Cq2ifkTtUqDHKs9ABmNLNq8a3JKohhc-w,ICHIGO ICHIEN,664,230,190,False,False,False,True,wYdSkmdNHQFnQfcxZE_6mSv5GgVoKJrd1pRQSBBzRMflXlE
CHALLENGER,N6qCDcViXGOygUbftHzviZ1jPhYgepUGOwR5LBg3WVhn7uQ,Emilia tan,647,336,295,False,False,False,False,nHnb4h0NAI19h9-ZVTRpON22K5QEDK1EQ_fGC3sE5bSLUD8
CHALLENGER,HjxeEOHQ7zBEgd-TRKT8jCZjsCU-_ybIOad82h9zJ3EBTTsO_9MVs65Bvg,langmanbusi,716,162,113,True,False,False,False,TQayTpTsdM828aEOlHuEEucyWpylgeHxKbvx_qm-oj59bSCFGQc91M8n
CHALLENGER,w-HepEN4zD7gOwvZ6Dsek5xJqksDK3ch03FZ94nyX2nH4g,Iove galio,705,266,232,True,False,False,False,EXQpwaYoBmr3XW67W2LH17F5uQA7ih3iuib6HsagF1oe
CHALLENGER,_h5hoBsuXyYx0zz00fjsaxEphsD2LmOM3YaqqwhzmwYyUYE,이 V,724,204,173,False,False,False,False,70uA1TWU71_gpg3Z1lXt8JmA8uE-Lv0rokiGmLzbqUeVDC9uqpD7uyVN
CHALLENGER,DIRAcMbBks_1A4xj0ZOEX8p6t3Qy_wkYI9v-rkmy_0B3tRQ,교육잘받은도구,682,145,117,False,False,False,False,H0wkOnSjhhxqpLqp5uHF88H6ZKHz2-qpD7SWdQDgXnCeFKM
CHALLENGER,k7fF_27XunrsgRb7PLvPy3t0knc495d82NVF4W2eE3QN-zA,전상득,579,353,324,True,False,False,True,ez9u1LHiK3tGUkhumReNc-z5Oh-g-p5X5Ps1vUd7sQzl3EX6-R7w-Kct
CHALLENGER,rOl6SqKSMV5Shm8w1naXGxtYa9LmXKw6kR9e49QYcFGoEJI,KT H4rp,764,291,252,True,False,False,True,nz-qDXhUCXvuVxTXlwtZuxhiz1g5FOCcdZpAgx67QFOMzzjwOc1juSbT
CHALLENGER,Fn4F2beblwMLd8MmExSs3UgPyIy4Y_SgmjEzMSBU6bBk1oU,HLE Cheoni,556,177,147,False,False,False,False,HyfXZbJyDkmur5fIFsG_tPfHFbicy0466bRkKt4AprL2l7g
CHALLENGER,iaFfDpvrqqDc1VW2zi5NMhHxjaOUiMesbpEo8FfK3tL02QA,Shadow vlade,671,545,504,False,False,True,False,SPZSf2ffrXTfwYWy7_GyGRQAb2dO_JNGr4bfHhUh5_N73FQ
CHALLENGER,qFIjcrCRqwR3mkEbZh6r5Rz333bh5PQpbZb5BzgvpMDpUK7RmpXbS_43Pw,Shirakami Fubuk1,687,202,151,True,False,False,False,znnHre4OVTA31LEWBMskwNnET24zlvdLuSY_Lg22agd5Z07iorg7lFpt
CHALLENGER,wwp0jHMw0nPnaylkX1glwEmYGQkTD6XwzuayzAia6rzqhrFnskxf9b5VGA,need farm,792,252,219,False,False,False,False,-wFiUmlxqSaCSs_R4IKWcdttCnbD0TriHUCQDkD-bv0Xi7rdznltbu81
CHALLENGER,RkI3kwnXn42Q1ZtolMp3a4YWLHMIwtpBw2XhDtz-RK8sOMHWOUIecIV_Ig,blibli huacheng,595,172,120,True,False,False,False,CuTG320hf2FhGygG8sKbIwkLa4JCj1uYUMEIMb8U-_2eQNbeGU7A2n09
CHALLENGER,-LF6Jhho6y9bogn9AxQAp3r4CwOdu1gE00PsmgN4oYebo4E,Gen G Clid,1083,356,303,True,False,False,False,I_MW46sUFlK0cumg-bbADmQ_-AJdYtxqk-0oe9nF2mu9RWU
CHALLENGER,FwnG2Y1lrUIWFPTlC9N0fgWCY716rgAv0YaG_7EjQEEUHsg,116310,938,354,273,True,False,False,False,DVG8sGWx8Bbyy3SYgu17tmrsnsJrD8YIc_V7s2RfuvqNMn01-f8u53oG
CHALLENGER,fIDC3PF16m6AhsxS4srMWS9orb_UpwQCvNzzu7tepZYgQlk,Luv Letterr,1322,255,171,True,False,False,False,xQdNnZbpk9ldMgafHggDv8dlqqP9PET65VnX8ApBJnSwEnZrrfsHzFMl
CHALLENGER,GtVIrD-jC5-wlWL2Xk4YNIr0gZMC9UgOspX1G2dXdHibiQc,Destiny,601,278,253,True,False,False,False,pIF0tXYAcQ9qYBsvEmkZRRtty0K90EkJ-U52_lgitnD5skg
CHALLENGER,qMu9DAPGVF490KfQ_7h3gOsJZNt7iBqfQnZTmaa_nfOJUv4,Yorick,805,351,309,True,False,False,False,
CHALLENGER,25Vbzia_17Cf3UCbAkaers8f6dVp0Cc7VqJxCIlmzDpr8-oEJ8KfmQSytQ,zZeus,687,213,179,False,False,False,False,
CHALLENGER,UT658iGohrzbB-uOMFJy0Be4u8h7QWoEw4QwGwgrNQ-Sc1A,튀자튀자아,703,110,78,False,False,False,False,
CHALLENGER,wUc8DerY0h5H8gIKf5tZJx2yUBEfISkpw7QSpbBrwOZqA3I,TwitchTV 미궁,557,272,241,False,False,True,False,
CHALLENGER,ZVVMyV5vXfEOU-OHB1UqZvODcORJoVM5_E7sjmzuQM9CINw,DoRun,606,287,262,True,False,False,False,
CHALLENGER,4ltud8VV4GKmkLtRQeGslK6qGWB2tdYA4PRcjgUzocltnYM,혼자 온 세상,748,210,181,True,False,False,False,
CHALLENGER,Y3OsfrdN7CHTXPnfOHAe2iAmnDGGhjUPbwtzJa9dclWdoZw,곽곽보성,1252,208,151,True,False,False,False,
CHALLENGER,qbMmwph04Gtk_tLeLQ6HiqAziaid9OLsexpgACTtPv-1Ej4SDnrqYadjDA,경경경경경경단,722,290,249,True,False,False,False,
CHALLENGER,NfDdSBiwgpksTUCSgHcSoY0h6Hw6fw737QwfvnwnbITEmpA,Gen G Karis,950,307,261,True,False,False,False,i0805Rvy1JDiRCm90PD-pyq8W9CKikBtKBRYIwSO97NGYGD55iA_Nfjf
CHALLENGER,F7FlrMVevvxs-stnG2Oz_pqrfkp3NmRjZfH4pb26bMec0TmYh10XeQ89dg,지도를모으는소녀,547,234,193,False,False,True,False,4fJOALx2n2okXQwwNwZPRjrLiN7o51xvUXPkiCkBLHH5GFd6JVSRsgT8
CHALLENGER,yqpYZxdDjfjaEn4tHDpyTWU1A4rMOT_bBo4G-PJg1xGI01Y,IlIiillIiiI,715,144,89,False,False,False,False,vFW74OTIZvCGKnsELDOMoctj0LL_iyaWSEkN6xhBWFG6YBg
CHALLENGER,jStGNGYWk_f-446v3ewI4Py5fppr-UpZGU6MbyZnQSUiVIM-jRDh1wlmzg,꽁무늬,564,102,71,False,False,False,False,zYOBOvu46EyoDEXnwv5WgBHcUs_7V6njCmzDhhRDOAt0zZcAfpHd6nWk
CHALLENGER,qhmp92e1PsbmYs59RmLYp_0SOdmL3yVa4rpn-ysTbwCIcwNYn_HVZvHwzA,어리고싶다,1247,217,164,True,False,False,False,vo4iy1jGco3nij2jynrlFjYRAQN_8u2SMszAxHBWnHKyaiLtIuydarAw
CHALLENGER,xvZsVRX8Zq4UrtIX68p3LUfL3Ha4SEL4SU_AiO3BzrvxM_l7tOMg1SaLqg,1xn,696,106,60,False,False,False,False,LOj9J853K2DKNRDc1akgo8mw4Zk9ApVDzwxa7iozE6qzYG5Zt77lMQdK
CHALLENGER,lMc9k3iFXY-IfZ-kQSZrR4jhZy_ygXdq1BWUnvSgRcVyQ_xYeFdCVmvWCg,신기한 개,670,311,267,True,False,False,False,pwTrUB2exdG1nn_XUM2RkHLXTE7Q_cBdbc-pSm0OFhQjBhocDru0sKDm
CHALLENGER,Oa6IoNdwVDupCxTyDcwx491eYPyDhIYPvp0fT1Y4pqzIK6PORggXP-IISg,touhunnaozhang,575,158,127,False,False,False,False,ZjA3fKK41KJTPuRycXtgN_UlR-jMp6JDcaQRRfs9YNvS8cKz4o68ozpY
CHALLENGER,sRPcphdDOciUNs0vGVqxp_kppxFUcxr40CSyOAaaQwCKSRo,모든게미안합니다,729,551,475,True,False,False,False,YHl5WM-udUFy5gT1xM-n-RXuxt0bmx27h4xk0DBoKTgAGYv839dGfkg4
CHALLENGER,Gw9ue-ThkmxCFFDGZaKL3r99P0o1FGZnguxJ9DIfH3qtyCcloTzcID8Gqw,Twitch하얗고예쁨,1054,165,116,True,False,False,False,4jAajRULC87JPcDgea5n3hHC1buLwEpX-62eygqR_TkadSEO3-E9NG8h
CHALLENGER,PvRYykdXYWepyPH8BMLP3_rsMSOhzHN2_uQCF_33hDxbNpeDFODbqw13vw,mm7m,765,177,146,True,False,False,False,PaqTRtfWY8UahDv7tMalQCeDiPVl90Km0ki50wKHde07N5T_N-qf17zR
CHALLENGER,qA-Gc1G4XUbXGuh-YFTcOntu7H1s4Ls3lzptjzc0mWRRqs4,JUGKlNG,1378,123,68,True,False,False,True,RAXof4cWb6xMykm5gbKdtS37sYEVom1VY2Gmh2EO_wY3yeU
CHALLENGER,a0t1NVJ60w8DJ6UxdHrlwOtVgY_gC_njZp6LZRWhevABIcU,Liiv OnFleek,639,476,444,False,False,True,True,0H2PYApKaToHKQ0JwXU1qvrmNfJopMyQGrlUe0oAaToP7dY
CHALLENGER,7GnvlRvC9HqMRpo4lG_69QSfGIiM9fyUPrwXEys5sEnXrmg,정심dtwd,645,242,194,False,False,False,False,WBwaLwknJpODITFwk-ugzlHATbO2Jn_R9fV77MlYZXzS0eDzYE3I9-OX
CHALLENGER,aYFgmlINYFwTF-lzj6-XhgxLKRtvpT4DeAp4UVxeY7JB5EQ,Gragaz,935,360,306,True,False,False,False,dG4H4wiadW_pZe0he34Qjko0K8f7t13k8mFGZ6AaKZWV4_s
CHALLENGER,jeCH5eFbr2QVM43Z-Gr3Hx61EXikybEYVP1cIc8aXiwbqQZe,medieyoucarry1,594,149,123,False,False,True,False,2WSlrjdpFBmKvOiyzeE1npkFm61JnSKxycRWM2hVuWodzs1LRtLZiFkZ
CHALLENGER,2qNB5MjZMBJ9Y1iiVYhkuTkdUJUf5sOgW00jleCraaqZ31Q,beccazz,856,222,170,True,False,False,False,ahvW_8NrRdciDBxWaffSQo1v0hyc4_pLiGiuBcDVRT9Yt8uMXLIyP198
CHALLENGER,CgV1neOVis6gfnUc9ODhunSZAlVuaBXZHVGh178OMaT9sio,Gen G ToongE,522,486,460,False,False,True,False,QmVez1sNfBGqVg5Vth_EK95-fPGHo5A9Kxfa0LgWPb0fEfk
CHALLENGER,kJdRNrAJ_VvFvRDOm6jbR-aDE979H7GjyB_VIa0jVcchfw,Azhy,620,145,109,False,False,False,False,R4m273P1bgEF8_7Xk0ESz3IyJD489979qKpb2rhL0pvs
CHALLENGER,FIw0vm1pYHVSbdcT8T5fmpE4DDRfmG_jgic3zV9wpR7Z_w,sadsadawdwa,593,123,96,False,False,True,False,jl7qCJLgSNJd-I1pQaoRW5UDBfT3vSPLxBILSI_tBV45
CHALLENGER,BSvTFhNNs6_ozLgm9M1TMiey_N_7FuuNSWiRqtofzcJMYg,탑 혜지,526,377,358,False,False,True,False,rEMyVOZwagZhnnJlYaO0tQ1Fb8YB8Vj1fHfrD2iusKtD
CHALLENGER,V-zJAkFzqO0RM-kqDG04TEHjBH9B-wWnWumcJ_1m6FtBIw,엉덩국 갱승제로,711,395,365,True,False,False,False,h_gQ47a2-El9N9lNYQvtZvyjarUIwm8kU6KmoSOmZL8J
CHALLENGER,JfzruANNK-GosoZVomfokEbvoNXe5-Se9g_NI1nqXiAiMtw,Demon,581,144,122,False,False,True,True,bxV4PzxvHggEpC_PI6h9p9i437rsCeUKnQLM9vMmstO1KWc
CHALLENGER,VePoPZw87QEjzT905psjXAM-6qNIalreuzX5b2AbOB-33kM,대구농민박근용,701,147,125,False,False,False,True,t8b_Dcezmch7UK89IzaLzIwZTINgLrSq4cHtGlXuB8a8syX0ss0CUAaG
CHALLENGER,eiG5y8-TxbSWtfrNxtOjJSeB_v9Wta5trd42SAEjFNUKkw_-KQRAaiUihQ,chunzhen,706,135,82,False,False,False,False,ysJUiXmXo8auDgTpVMvvIX8D0F6a3_fcmyUbSSF4cwAs09cbAYLvxLJZ
CHALLENGER,VmqzkmTpAkUrIPU5v0Tm5Qm8WvjEACz4z6Q4lKfJ8IV7y30,T1 Fisher,939,436,408,True,False,False,False,KQw5IGB5fiUWf5m_xEG8UIqU4hZtm5x6KQ-fclUaO7zqWBt-gjlFl1g5
CHALLENGER,9AzQq670GCmbTdL1OYoldCfAmX6oh8S9pg0h-mud_X4TW8E,Liiv Route,1034,389,334,True,False,False,False,2vVr3k-951v7FMxhUtBbzcSgqHo2KeYhM6GHSbcxWxw2O9o
CHALLENGER,j53TQQFZ7HN1TYGvz-NRAJ7AV18rlpjScpWU6ujxDPUE6F2Mw7GlYFkQ4g,xue yue feng hua,657,460,377,False,False,True,False,dPUCNNthC2w1SatVgPmpQz4Z2bsALsuxzFrRK553F7WDna5e_ONYbjSE
CHALLENGER,m5Zx_EXDawckjPRZ376EQTjECQyx-Aj48ZSVLhEcTjNT75k,KT Way,1044,324,275,True,False,False,False,7JTO0ZkcQNSwaWwvqkrKyeOnW_n4jqbQ50QqogWtbTES_Oc
CHALLENGER,48QYhmRTRpE-Aj56ZYkByzVDkEzkBH4ukvSzed4WpxQGhw8,바보상단,616,343,313,False,False,True,True,XwY1PQUQLIkBLpdSL_ozYVJL3oNFAJQobf7GL3XrKSie5Ds
CHALLENGER,4NMER_A9lLRP-ljW959hY2elWNZl4HJyCoVr3y_XavvIwjQ,연두부 fans,806,128,84,True,False,False,False,TgG2q3c2U0QqYwMbHeb0wcyceAXxLVqlbyFeSqQKNw6abH8
CHALLENGER,wq6wq1VZqJpCujMcvC5-4iDWgqk7uYESTteqP81_uklagg,죡같네1,689,154,119,False,False,False,False,ikO4pq9QrV_RBW_RrKrP6M8XfqTxorhC_TGno5bb5Rx_
CHALLENGER,-VlDee7q0fMMmH_QbqsiDfJfthVlIjCbU63ieFfwvl4NHBnmj0PI07KdKg,서폿 다솜,662,106,73,False,False,False,False,7uxfRbRb23aGsCVjw1JZjl1NiXjGpGnoN7kXrCiEUXjkQJgSZGX0Ha7f
CHALLENGER,FL4DvpT0sItsdBd_2QgbrKQj088s3m_fkuJ4dI_maG8QMgM,무적의가로등,573,235,170,False,False,True,True,0E8yTwcZorCm8JV_60HS4vH_LfeXV6_HKEVhk6L3-2RKuCg
CHALLENGER,mcRGrMdp0M3LSZvnbYJH-XghNeDXJJfEiSp1BLnFcPwU98Wyl2I_DQ1f9Q,zxcjhkaiusyqw,956,248,200,True,False,False,False,OClipp3Jl6d1myixyfcixcY028VKYZbIi3H9O2K517r8mBeLETpZg_C2
CHALLENGER,j_Op10dFk0GqVSvO6nEAXl6gGwa_o4cSK0CZy1jNUcdd91U,viper3,889,251,216,True,False,False,False,7OdIpmvXrIHgxODZDDoaybD-T-NmYjED4Q-Gkue0_iMW9ZQ
CHALLENGER,ObFbXWtxGbJn5W76gHDnXSvPzG7LYxkQTuNMSvA0rOjetSAY_nGgkIsJBw,구마유시S2,922,143,97,False,False,False,False,wYAEo1FjpV7q8ZW4K28S9gCAD3kU6qH4IiSCLvatr0Cg0Bmfm_hCIzxe
CHALLENGER,dFSmHOcijZGqJaJKcfm_kn2oeNpShXjvPfr573n1RQ0K7AA,Pnpm,728,94,61,False,False,False,True,qzrYut1yb9fF16iBWVqTegjb2i12iy4gaGww3zjClfhh8rDaCi9yK1ij
CHALLENGER,Tsyr9lVJJZGuEazQUDuPUJDFnBjFf7BkOmuz3tLdzWpVsQ0,굉천광뢰 허무도,611,326,301,False,False,True,False,2m5B6eeEBkvi1ETsK8gP4mXiaJgmhzRHN1_nXrrtAipMd9o
CHALLENGER,XWpi643qpzsMEdJ02FQWf90TUKH9EfCEt8XJLNCemnzsDV_kje5bQhreGQ,yao yuan de ta,1039,269,204,True,False,False,False,5t5o4xFz94msN3byE5vGOrBziIjDGKJeWRqSsZhn5dfowKU-kbWa3zh8
CHALLENGER,b38uaZJwMettWBD2-muHuYvv-W_BTyrHnmUlUbVee_JTiIg,NS Peter,906,298,263,True,False,False,True,IcwMRgO5BjASgrBG6lzaKc4J6EBy0blb_7g1qs1oKdCdoKRWsTj4PCeI
CHALLENGER,MLhMy-lrM1W9YfIAN4wSzZUXHeLqbYK6-5QNro27w-uUqfo,KaiSamira,731,394,351,False,False,False,False,tZtFEv60mZcLzyrdiWpYpZhvZifooKD1sJGDq8sI2RczJBQ21hFTZtGB
CHALLENGER,OclYe6c1hEUYsnjT6ajsdLiLor2YTRF4oDShiG23NNzppc8,스물다섯번째밤,657,131,103,False,False,True,False,Zchg2WrkYMX21Q7k8t9ZWXWLNnZ792NwkyNuVwsWYy4fXK5hdawxVAfV
CHALLENGER,IVj5DPt8-QfYppb-7YySJN8FkCBu4ZTdDCSymy7UET85hA,asdashgawas,604,135,111,False,False,True,False,Y1RncyE9bZsjVeM5S1XbMxRHaFw5nsfJRYXGnjIzuPDJ
CHALLENGER,i3oazr8MnauwKwVgfgC16G9LqB0JVfi1-zHfhUKS_RTYfTMGXPu6RVBZgw,wu guan feng yue,1056,446,391,True,False,False,False,7Af8gVvntbN6Rs08DSljGPvrydMvQesrPizxwNBqYuHs4nbes47kMJtK
CHALLENGER,6T9T1xZVTUqY7B583q91S6U4Uk0H3iQF4K3XxuL4Atw2HaM,사람들은 차가워,907,441,399,False,False,True,False,oh1mHBfTo8_A8wH5HgX8jrmaP86JmBL4Kbx9MUVLiBqjKo2RKaAjaWqm
CHALLENGER,FJDmYD-f17FjroMTm869ABAzPoc8COdCIio-Mjr7CuLPWhw,정신없음1,653,189,157,False,False,True,True,d3RRBmPyGzv0Tx1AmXHmUxozvdyNkY-imwiJhZ00WdCB4vl7NwSt2oy7
CHALLENGER,vzX3sTBAXg9iOa71LyEzKei-xJnuqV1k_NrMiyTK5h90L8K8ET-vBkt7zQ,bainiaochaofeng ,587,94,49,False,False,True,False,ltUZ0FNPeRQJhgue_f9LJMdpBV4IeFejwFinpYmV11iobbvRnzeebFtc
CHALLENGER,mtAmJSyC7R89TPvy2UhcgCa0S1KcZTwugu4Mm9xpVXGBwpg,하잇모시모시,603,79,51,False,False,False,False,M9FNyfNRjMy9N8dvSfsr2JvQtgrCbf8-vnG8o4mjwArUZPY
CHALLENGER,Sn8gvlyzdWog-_SIh4AETlfoYABzPuma_Whq0YgMlfMuohU,Dn1,581,187,142,False,False,True,False,253nzS7B4u7c6IMUZ7vLHp_a2gITzLx_VOp_mfQdez_GhjA
CHALLENGER,9HJxaLQz-ostjqY9a5P1IRn1ALXimHTtE3VFPaJfAwkrEE8,아라가키 유이,643,187,155,False,False,False,False,ZuPUkfEhpNdU8SMVU4Pu8Q_SqSDtVUvScl-pnjeHX9-yFmI
CHALLENGER,6Gv3fu2vaT3ZK6iKldr77PlOSTT9sXEhxu5h9WXH09zPOM8325acK7zj9g,세상은 이렇다,673,262,227,False,False,False,True,J6C3Zw7FjDhj2GXm7Qa2BssNmNGHBdFttlSDAqSQGTEhmDccVBgpuZ2k
CHALLENGER,ltqctSLzF7ho6V4ohQrROmhXRRmzvxijWB_j94A5lAl9MhA,월석싸개,563,264,221,False,False,True,True,laE0lJqPPyBC3yazZ0o-KByh8Y5jO5eDTf9X8lvZ4PWNI0I4JWPjFVaU
CHALLENGER,PCSwltvbPv5szc8ySQzPXQCvOCAm_s0ajRN_F54rAmwb8_I,Small문어,770,328,224,False,False,True,True,M0zbNqD5RNtBdCnfMy-GqldDIsvZCyXa9t6UcwHFUwAq_GQ
CHALLENGER,w3_BFkTOYz7eecXnP2vzO3iSAmLTaCgJ-CI2OUokgiL3vVO1,죽으면 내잘못,666,268,230,False,False,True,False,v96zPOAAlxCh2Vgvlt-Yzxq6i7vVC1r4q2qXEDVEcr-iaFrSCauQLXDX
CHALLENGER,2zpPp9qq6EsBjGXiGoUVqyfcILGdxH8lq_7ji9qvc3tE83Y,Kim Sang Hoon,775,319,287,True,False,False,False,_VcPnP4_Wy2lE22uWPuuhMB2MYekA5I8JGXYnuveh4CM0og
CHALLENGER,u7tYj4lrnCeygdHRy6yYncY5y-0BaLn6lSXlKa9xlzGmTM36SX0ND8UHVA,wybaby,579,145,96,False,False,True,False,B6soncJDOa59N6qgENshHJVsRrxOCZEz6L_NgWM9BkmtBB9uvUXSsapp
CHALLENGER,pdk1ShftFwqoKl_XgdmPDueSepBavJofcVuq41GrIo3sj_Np,저 좀 칩니다 요,579,169,130,False,False,True,False,mHJ1B31rZr5HNC4i4j3U4Ae-YZ8YhlJeABhtwm_4z7pO_CG0gYWNVRKN
CHALLENGER,PFv-GF4atm10_1_HH5DLw2amoIlF6qlJCF-P22kl_MsDMQFL,Qy0,593,56,32,False,False,True,True,F9Ac01cBSwV-45n2NxNV3iibI3NiLaB9-ZdbrhDn9IEInax931U16e-R
CHALLENGER,DE0pyvKnmccAFXSc-mio0Bock--LVdU6uIP6CrPyYaaLorc,별사탕이좋아요,856,236,195,True,False,False,False,Wb9QqCHkS4IdS1ccYSOT_5PTiutei31A8S6zl9WCHCEYPkQ
CHALLENGER,RnUcS3p3EUFagCDAF2-hKtXkZz9GCxmWGSxQvPzM2yytY8c,See u AG,725,127,88,False,False,False,False,lwuhGua86Ga2JIxblKHR8CBg1jj4BE1GgCae5vp0f8_zjO4
CHALLENGER,a2CpsZG0phNpuv2CIhv2RnEMrBST3qzYd0RGe2UvX36w31WXVQ-gq6WwUA,미쳐 릴레이 댄스,655,144,90,False,False,False,False,Jqvnod1Rb4yoCC_S-XW7-L-SQ-57j9axX8d6Eh8WWcSsq5KG4PHsnHIe
CHALLENGER,cFKAQ5BPYy_xBTz9xYJ8aRyTtVghr74Cu3V0iNay05s8Yg,CCrazy,589,210,178,False,False,True,True,zzLCaQw7W3OEDuhcyTj86EVm3pdlXCodnx4ZFp230zWl
CHALLENGER,9lkqaILR_8B1qxV-gyWfsoeQx1sZw1FEz_J58cv5l0eJicNpN5qL8QMkSQ,중년의 활력,681,218,167,False,False,True,False,W75oO7oY06DrPQCK3Cw4QUmRMEUHH8ZAToB-CW6RPHUKxFTfGez5t8Ia
CHALLENGER,z2PlJclXZjm_y9DtwB1yykf-QqFDu07oSvic76xlmvlCGw,느낌없구리,960,194,143,True,False,False,False,lPbtbbFdMVaB_KM7Hh3dTvmHBvmYfgKz_eCtNxH_RgbJ
CHALLENGER,IAc42Lx9Sr4-kpMOITb5-6hxMCbrFKDM_d-OGkLop8uFk9pNQ2WFiWSNyg,살모사 인 간,613,386,345,False,False,True,False,0qtzll8dzfabGvDPyZTAMido2_jjvtpzIYFwuKZdP8yqwXxfeqwlRcXG
CHALLENGER,57QexnsLXoJl7TmkjwwQGOufB2At8GDdrpCcQXUcnAI78Vc,wanan rap,564,203,167,False,False,True,False,q9j_B52uq_w0TZx4kH4OlzMIIPEuqIMuSLDw27eqg1v90v4
CHALLENGER,9TSO_ug0deAL9BKPojudeV540UFjGc7tbU1sT3AdAWoLmqw,Osadia,768,127,97,True,False,False,False,aT6stA9WmEMbi15fODpOtRr4wrQU2fQ4CwySBX0k1DCCd08
CHALLENGER,Og1kcm912fTrzNSnei3CnOoVIKlvaRSvCGQ2M8PRVEoPT8tjfh_RaN8xKw,SNAngeI,761,211,164,True,False,False,False,rXq2zWm40Ek_2_RLitl16EgQcVjjupg7ptZxC-p4tMAwKZWvxZmTm-XL
CHALLENGER,kjTkR5UqDAW8IOt5nrj43KGKdwtsVXPM6Cy1lvhb6r1fJms,제주대옥효,727,156,108,False,False,False,False,5ZcjWM6WssvsPD3oLUZTS0v4wlhLXmHJP62VlT0ch7k-7108fvu60H8-
CHALLENGER,GjT5MvZ4IQbGFch9cMrVrjxU7hd1u9opZvFkD_g79gwYG6k,BRO Yaharong,683,568,530,False,False,True,False,BsgYhi7GEiOfS-gLnQkbq5wyUnV21sTH5vLfQhMNTDjWgQE
CHALLENGER,P1dvYr28pFU5EOvugZyjI2h88jB-bk9TB2mSZ_J_Juin4trcZgIyPzET9Q,pikachu1234,609,212,153,False,False,True,False,q9BLPUqH-rFS-4zLF6ddUdGgO0g9lg9c9oCh618aSPEgesGn4dAyh5rU
CHALLENGER,P1WNXGYuy6c8EhYDJtvcpX3Hk-Aj_rpEviTAnuZIkd5GW5c,Rumor,654,231,197,False,False,False,True,hGTkILxPWmRc72sb_cXncyr9e9qKsCYOV1jGpizNUBJKT4FCnp2wLpkJ
CHALLENGER,BcJawBW-TqeK0GZPa3rHo3MkOOQ5YgLi0J1ufBJgGCe21R4,NS Sylvie,803,181,142,False,False,False,False,hkRYXXeOQ8yWjcCXFmoWBS7Hn-c4TshUVDw6dxpXNl4uI2dPXekfAmd_
CHALLENGER,57pAuQhCAo--KMLHiZN4LpPOjgEZVlwHnEn5iQPW3nG6j2ih,늙은 천재,672,526,484,False,False,False,False,bt2z1zI77LIA6T3WmXXackxxsVhONw-RCW07wDht-dw8UeIKEIKKa1Ze
CHALLENGER,i9RPYKPpXt_XHXiaQcgGgtYwqwVsTg-BmmYkqm0Tca4Bcx8,Gen G Rascal,694,188,158,True,False,False,False,rqwnxpk_0fay8I75k3hrkVx-b8zwxtwq3SZqU0YEKNajILM
CHALLENGER,hjbtzemUqJ7fjrXGgJyBAHPSw1pYM2Ul5tetVpddN_mC7GY,쿠 리,809,286,236,True,False,False,False,4dRaSQEZigzSwOT6a70C-cX_wtaYueFM83k37u9ppAfb61FBnJUoYiUu
CHALLENGER,qas14S321NTKRDIc00mF2Sp13e6n0GZDbptd14Xu1snWjyg,사그파,644,283,234,False,False,True,False,DgXYnyx42x9AM1zktxokDDVtMdV-xZsExVF_LMO0l8q5B3U
CHALLENGER,c6J1GHp_YlADEqqvT9L8DBiAMenhfdqmD0T-2mb5dntmYmA,liiiiliiiiiill,620,227,199,False,False,True,False,uPXy4e7RkPFwJ1IFzbaMYJkxbtRbEbbuF3UOtNQMnJHGSAQ
CHALLENGER,1tZCIZJoH1Q-PifdeAbwKLoZNFTqxtaTPXsjj1X7u-ZWXm8,의연하게대처하다,585,156,121,False,False,False,False,YGglCuKd_6hYmEjhIrwFIoSBS-iGtOehO2Xz1RFuTEl7y0DB_RVxd7ae
CHALLENGER,darq5OR9IaZCOWLhbbeLKaDAwZGq2Jl8zNoz7SnxYCLBrM0YG13IpKMq6A,ndbg,1131,148,113,True,False,False,False,cOVSeXmZS8Ud4x9x9G8PcJmo3inJ5ezic30YmVxaqG2lfoPp8vffuaxe
CHALLENGER,4y7qyLEV2PmYcO1lLFSeNLTnaheDDaqPOPjmh-ZgX53DadE0i6Ap88fCvA,전부다시만들다,572,198,141,False,False,True,False,
CHALLENGER,e8dMLhGM6_Nhyw6AsTbAO_mcSfJya2QpllTOQodB87FvIQ,조세형마타,612,76,36,False,False,False,False,9CNYW28NCRRjAuveFTN1BDjkcEi_clJhZrv4AybblT8
CHALLENGER,98cXd6HGkXuV9WuJBjU_88UxM4GfpksOjkSGh3k0tqaP_MQ,happy   game ,954,289,242,True,False,False,True,hQpLQnen3G4PZ1VBjZmfOHyITeS0eFjElJXWNpjDaydIuM8
CHALLENGER,P0CSky0vT4_Po8uT7Qe6qImUDn31jojunOeEjmoFpY3I2mc,스텝이엉키면탱고,1261,126,84,True,False,False,True,cGSamUtNW8E8UMl0sQKinA90lRjfxKPJ4pLx1ZL8gVr2jish2smIGfWR
CHALLENGER,cdSbgnd5Os4fPZeudYjaPN-iXA6qSShipnb_8rgbTdMR0Ik,T1 Canna,1233,269,214,True,False,False,False,z7lAlDuwxSDSFSXhJcaLeRqDG3snYnBjtaUO9ACD_qQ_eiYQsgJIB-Pg
CHALLENGER,4QSLLiDkEDBwMUTms7HOt6kEb6asoYTHTUT3hnZZjuUKZ6uY1OMNHncdYA,imD1pig,619,421,388,False,False,True,False,ujpvGJwgh8PgNVzd9E95h3M0iEusUZLb95cJgjGGDnWpHKL0H_f9jbtS
CHALLENGER,8VlUdYy6MCKkDFHyvj8Hxn_xlk2vRRKXGDHZ1CZQyi-ixUkdUjeXwRvlrg,dcybb,976,209,142,True,False,True,False,iclKanY3p2MrfPJxXUet3-bq2YRPYx2jw06ErD-KkUBcv2uit02FWsdK
CHALLENGER,NtPO2ek-nCmW-yhu02PGDjvUAaVYU8IyPzqSFAQr8UB8lQ,Afreeca Spirit,642,245,216,False,False,False,False,EBl1ZY76eHDwEdPVCy7eVlJHpmJt9kzB8o5Lk9JKM38o
CHALLENGER,x4eEsi6tiPo49ym9VKtONncEYbvJMPN6_ggSHjgh7Yx-asg,Liiv LeO,1089,489,439,True,False,False,False,Aon-iQSjWZ3FEXuKtBbEjjrEv55n1pJUi86LHcBihLh49LA
CHALLENGER,v3PjW6CTueHvOuliSskO-FEzJV4LAJIOWzoW9PxlW_Suftw,River9,823,338,299,False,False,False,True,6RLLLbxGyWTdRsDI0QRbIm3cO-ilp_YDGWGv_eXOWEu45xziQuffz5QS
CHALLENGER,m1NUJRuWcWP5ODXZ5OBOLFTSEPUg9NkNjoggEUGEQJDkamE,서프라이즈데이,618,266,234,False,False,True,True,-61saHA3dC7el7IvmQ8iUd5st8vZ66boHTolz-OCtoJH8yQ
CHALLENGER,hIyedRjzutJwLjDKWELMZjURNV0NdFWFZZqxSiW2ZP-onjOx-7bSCdlI1w,Lpc5,682,291,249,False,False,False,True,Mrv9kjfSIcewtHmMOZDgO960zA1dz_gAbBtM5nhidkZwZ8dcX1SSOzEI
CHALLENGER,jQTtQPsqrC4PDUfPQIfVXI0YbhW2MEmcevrs_CgI5M0UEg,T1 Roach,746,214,173,False,False,False,True,LTCW68L4-gof7-nz17l2Mjgfm06dKlUuorQ0nddMxnJ7
CHALLENGER,otF3DzfAbMfQTY3L4m15HkizoSI8qJGzSqlyAepFqZZDBOtaHfiddcEdzg,담원기아김동하,1579,138,80,True,False,False,False,3RYr1g9FI3f3ztCSxTR4RngExxwM_HSeGg6SfSp0KK_QK6F_YeWC0CeX
CHALLENGER,VXOFYAKdkr-tHQH-BspGEzQ06R30puXMg2ylc4khW78CMRQ,asddasadsasd,816,284,244,True,False,False,True,QPedgxr9d4NteBxTfWcWZdanrIhflHO5aAZxEPc1R3iDGFc
CHALLENGER,FVDFBfySj18hWnYzvqMooNEEeZaqgOOhROoDY4RkFzVqYQ,NekoL,627,212,170,False,False,False,False,FL_7mDLV4qfrlfHCmLy-i4J7XDLcAMwBp8Gaan2P3ymw
CHALLENGER,CD0TmqgDCLvXhzrPH2WeKL9kVbmaA-2fjRNUEztanNhL024,BRO Delight,1087,290,245,True,False,False,True,k94bRB-CZ4O8eGD_r1C5mc1piaU4FEBEw3xzoH5gVjYLXIH9YglMr9ah
CHALLENGER,oxOYJlhfpU-fZBf1tqTCIrU0JD-sOGPX8hZnY20HjETssv4,난 배부르다,696,237,193,True,False,False,False,osgyrZmoJokg3HUVXqRZfLkyrOV5_YqUJh_enwCN90NESj4
CHALLENGER,mbnadDCmTvy7DjLofyraNlg_gX1iXTClAS3GYv6E8FnpSZY,속죄 하겠습니다,608,304,272,False,False,True,False,jRR3LA35s-rBPZn_xJbb7T5Ifr3uzhZF3oVoC33j1cr9BkifVGQYAIXi
CHALLENGER,B1sKo718qwfs-g1Dq7jhVUp8kH3K0fPmdmZ9E3vLYHGchuyf,bcaaaaa,674,319,291,False,False,True,False,
CHALLENGER,zlASyeDLtrmOi2q3ZuLFe9eagSN_O91NI21b7mg1DZvnI5HHYAKlLwoYiA,qcsj1,923,438,375,True,False,False,False,
CHALLENGER,9g5GPIeI6zGmaRhhcNkXc8eJwmXLVtxHBMdGoJMCakQ1-dHeWHywqfl4dQ,에이미 리아,545,406,352,False,False,True,False,
CHALLENGER,4P1YxgOKv3IkAALF_MwCH6pRmKKRRhvjZ0bFTi0AF6txHpo,Back ln Time,572,240,210,False,False,True,False,
CHALLENGER,Sn9DmYW-Hh3dg1gGTnvNFWKD5eVmL0NSeP57YxAiwXmngQ,Heart,838,277,232,True,False,False,False,
CHALLENGER,31pHjjqgy6ub_Ibbvpy8Bbi51AkEc4-pSFSObsKMaT8HB-0KNtVMU8iDsw,tcdmssdg,1118,190,147,True,False,False,False,
CHALLENGER,q6xqBqi45IUDpYm_jAU2j52jR7zX88xB-lcEncU5RDadqKs,     la ji game,790,111,81,True,False,False,False,
CHALLENGER,UQBJ8IhWrbsBZSPm-IS15hjL0q0nrOJ2Tg7fuxcmuIm6aOQ,장수열,643,204,163,False,False,True,False,
CHALLENGER,_PeMWXWevfGYAt2MlVJv4hsJXEiLXzvjNWCsqLEleJlyJpxB4jBf8GXudQ,mznzhtfkbjlxkl,818,132,103,True,False,False,False,ugfB_uTQgdtHnZAGAE-6a0edShbYiuIaCR7_6tLEE-YniO_lcbkz7UFq
CHALLENGER,6AFR4BvlZuw7cyYAq4cTgWBop-v862DqeElQOpg_zgzL_AB38w0rzoK4Qw,cvxnblkwerio,936,99,66,False,False,False,False,yygnQW6jt1vwGBDnWcMOe3xRdzBEcJaRKPjglJZ7RFfPOJTn6HPKh7Jd
CHALLENGER,lOAbNINPEbK3eYYsKt-MUxDE9W43tkwYLfs94cvuPFM-QiA,Gen G Ruler,632,225,190,False,False,True,False,fFcNuE-8sFl0gF35DmkUa5HFZzY6rIHk3EBVx8DTNYnOWDc
CHALLENGER,f_UbZ0Ny-K85hd60G3pbWacTLkb-d7gDdMVLf4FZdij8TsQ,새벽밤공기밤하늘,820,202,166,True,False,False,False,CRRDE1aO1q6IhZdjGS_w5Ya0LgKxTzfluE-HwMIP7nUKO7M
CHALLENGER,JQd8diaXzJbueJ2BMPw5h4uxI-zUjFrwAD5-FzLPElyNlSk7BitQT7CQVQ,fashion여자,720,184,145,True,False,False,False,WyQfmSdTsJqNWE0vlHj3x-zj_wAwEYtb_i7cpmOUUnWX_GSFsTxMpFS3
CHALLENGER,OFZuweIs4szL8dS1fTinJWP7ceIbq8xSzfdQt6gIuBsZaPM,안녕 맬,790,222,192,False,False,False,False,sHTOhDrD1x6GO5WUHZKS9BW9SDOPkXk-Jud2yKnPTmSeAuY
CHALLENGER,zgV66mQGCiddJxy21gsQ2FSdebmfKwdehUxvjfLZxC7mrEAQGQLYPVvkNg,숨바꼭질입니다,595,206,165,True,False,False,False,29w2SMB17aBwFj9BB5JTzngqaMR4ue8mJ2h1UBZS_pRhzLpKrSFNYsPv
CHALLENGER,jV2AZFZwkjtZaUBuffVYw4_JqUBCIvqMtQpS-uuX1d_nfOSEa51vPlDKFw,stan7,1056,179,109,False,False,False,False,1eBHZHfCadCFMi_uEwiARYs3ELT4RVWG7jNRrUXY-EGh7S-0D0jNFLjB
CHALLENGER,n_f45xxcmeE620WKEP3D-OUlIeJf4wRaJDAa2q5MnhZdpwGFs0Qd_J-ASQ,깨달음을얻은남자,581,275,226,False,False,True,False,T1Y0DEM8PZUktkV1OT7LzCxjgriC-nX00l70L8-0fp_cBKrmvYqDwecV
CHALLENGER,JjOjLrCRZGLHFWnag_d-0lVMf-6JTtWwgpn8YDL1xjPG098,Poxu,865,231,192,True,False,False,True,DsOvc6faqdNS_R9KHWEldXEEnnUO0dWoPfPeIwN0s-Rs6vM
CHALLENGER,l1lDYQQ083cF5ZVb0JAevXTVQOdFsan6jYlY7Y3ePD1jrE8,BRO Roamer,1038,230,174,True,False,False,False,8i48vM5jy8CsE7gx8httiiI_sJs_DSk61ruSCljz1soUeug
CHALLENGER,Q0QAlcZxXjnttgjro2n0SwjxeO_55_csSruUD-NNSsVj-NTwx7T0kANMWQ,asxzveqfasd,655,181,141,False,False,True,False,YjFZ0luiHqDwdY9TJzBrxIU7mole6PE8PL10GnrHIjTi7y5YmTFUYIir
CHALLENGER,DHxOSyxRUfqjrVYvrQ63H3MBP4pRC7S0fOnnqCiGniteH7s,팀개못하면누누함,628,130,102,True,False,False,False,zXmBRUxjOs4oAhXLuB6_be14cly22p2tAgkPXKxj1HyMZckcSYkSQbcA
CHALLENGER,GZmx-g6imPN2x9f7o7gni4xko6ojeunHRYzS-BPLPLvvJE_88RCkTm5mAQ,black linyue,1026,94,33,False,False,True,True,LaUF0cqqPMGJzUU5zjYMrMQnAmYWQ2vbiwfBEsjj_u0VDjanSifQET6M
CHALLENGER,uHiJSCToc0RQPWqfobK2AoJLUivNFfM89H5KLWW9Ey4CSBM,DWG BeryL,670,120,87,True,False,False,False,qSybPAGA1iLQ_rI5VGZ_JYgs3kbP4BVgPJ_NQwFR8B64Fx8
CHALLENGER,SfWDC9qaZt2oFITVeSf0-BE_uGt2w_5bGZsdcxsdVgDph8k,Cuzz,814,136,92,True,False,False,False,-eR2pO-2rp7zKYBiY4C6mC-CDemjekfax6YnicA0AWcP8ZE
CHALLENGER,7yT2rZ_mshOlD6OHp4wJ-IfK2yEClNXLc-iTN5bT91XhWv4,간다라쿤다,820,319,278,True,False,False,False,NRrswHnTZosGoXzp94jTrPL5UvppBCJ3bfSzFnngCQvmg78
CHALLENGER,8niuiPY61m4PrmjirzJVXKWFBSuA6y9WU_Zng0gmfpzRSJ8,서렌누르면대충함,777,177,132,True,False,False,True,7ZNMCI8FkvrRT_NBypBRiwnewfBu9s9wlvU4ERpb4qCWIOU6hVIuVofa
CHALLENGER,Gd8I3BxQ0QSPGFYfVa0plM-K4tQ2VuadgbMwfd1GA1nq8Co,KT Ucal,707,133,100,False,False,True,True,bp1STmS7vzSy1h__O80_sNgyCeYDP3233mx6MuXWPVrLloE
CHALLENGER,2yeH4V8iebl8bSFs0QjPs8_Lp3N3aMe4u3lg1Dd06_o5kTE,daikouzhao,684,252,213,True,False,False,True,_sIjEDIY41d5tCtPrk85G6d6_67QUj6ZEpp_X8jkjOpcok483UPXEXXE
CHALLENGER,4w6Cpa5KM3w2Ga_1YKzUJfMPVVkEEPiNZBSs9jwdASpSh8c,사랑하지 않아,759,169,123,False,False,False,False,lDP38gWVvo-d4d6f8qFc1U_HEhbTzMgqfNiPkKMkveQkoDE
CHALLENGER,yyXUZukWcoSoVjz81CrAzZvnv26GZeKHj3jQ1KfgE7VDDzZdS2er8g1ojg,handsomeMid,693,166,135,True,False,False,False,IlEbBwiBF_5t_gv580x2toSJMWqCJrsEnjllF6txIK484OzyM4y8NYE_
CHALLENGER,EUyd09t91zACdVKtALrRZuELhyhLaHGlQVWyiLDdc0aSfw,쪼렙이다말로하자,907,412,373,False,False,False,True,DcEK4Fp3Y_dqt9ZWRsbuCVf8junQYDV6bkO_lWcmTe0y
CHALLENGER,tYAsNRLir3DNOlbOywAfEXddbfEoKS4rKZwhNkG2H64xAFMO_4uCQ6AK9Q,데굴데굴코롱코롱,769,80,43,False,False,False,True,TCd6I336txOgHL_1W0JmUFp6ixDAbnzCyWlZLSaO1tT3l8QFG8KMfYmE
CHALLENGER,MKMxflEU4R9BQ7N3xZunTSbsGSI8e5FclnAbIbhHD8lyOw,PowderSn0w,585,267,230,False,False,False,False,AWxaUfQ6vaE7ASdhhcwAjwrnFBvWzrDJJ_zHm5exCMfy
CHALLENGER,vmkC7JjaTQQ1-80aPVYloQFpV7x_vkCRLNFjgYD84YoOVMx6-FQn82U7zA,dIwlrma8,736,89,61,False,False,False,False,FIGsNsM-S9WQTLyCwtZQ5sqyoT0GAvSEC2ikqImt9K1LYX6CgX3BtRdn
CHALLENGER,3ilTx67Eax7TxuPvJUJ-_4-dZKwyJzYbowFvtiAPVoisY4Pd4q2W1-6KWg,하루 물 한 통,639,127,98,True,False,False,False,h7wxKgEwXzZZ6oI3PcJEEsRC29wsq6SMLJuEzekwlOhd9CBEsL3DcYFK
CHALLENGER,s4rJBqdar1AoGo2RtSdbPiXM1XYOqxohfN1EQSEI_qlsy88,gasagao,593,369,323,False,False,True,False,zrDn6hz5jA6Xn5t2JlUNb-eYI9CTwRl0jXmHQZctXdc2AhgPWr8GSbZ9
CHALLENGER,ZYLyz_OumM-6eBiM20qp4C-v22EaMvNbOwuE7gEySO4evXZJgSJzAsOKfw,FIower Dancee,1001,411,331,True,False,False,False,IASnjMRgkb8ByHQyONaBFQ505_ptP8SdHw5SqQjfzMErWI4bl-pBHPy4
CHALLENGER,RXBHfn98xyrbdbUKoSVb2Jxt1lNOPJdqFSFrD-HR8HZUCZk,Liiv Croco,1060,162,124,True,False,False,False,Z6II0fpKrI9IS-diL1BG39x8Mgw00gbNw6VsGBbTVWu3kjg
CHALLENGER,5c7macPLWplz8tc_4T6oCjXsytx2nV2_sejt_31lUrmnZFKQsKVq16SwQw,이길 수 있을까1,984,328,265,True,False,False,True,f5DNdMrOVXoa3RbuRCvCzzIkUBFJEzmsGJZ5rIyK24PQRCyOCaslrMVp
CHALLENGER,nWseobh2Cu6TkveoNzCK-J8FKaHqT4-_Xce-mWKy8SkOhz4,Gen G Burdol,932,138,88,True,False,False,False,GawobDu92qj6PrFPl2hOEIfOA5GDl16wjSyDEHxNtqdFjd0
CHALLENGER,RCP_bsT8J1-7TTVK3FIWiD9v0ZeTFgiFzNudFgwZ2jTRolQR,재훈이의 모함,840,388,344,False,False,False,True,_7K1X3uBuYaXGaVRQmAkn3btHsVo6Kqlf4qhg0WuTy7KbfnxkjAEkwV4
CHALLENGER,96y0SKleHfdYEHWmuDZkVIUXJ_cHiAi9Nt3QvFdIfiVJVo0,Noticed,782,342,292,True,False,False,True,O6ZhdOUm76k2hMx2FRS_2p10cUNgZEzeG080Q59MT97c_0_-Zcq0e7BI
CHALLENGER,HbQ2SMkWov6eWcnCWuKUMI-LXgqmHjDIkJqyhi_Cd9TCNYN8JgWcVbzNzQ,d1 my home,625,330,283,True,False,False,False,BxhUZ3sRfnxcEBUVaOf0OEYH4eAiHyW2usZdK2Bzpn5ZdKKGPcgJBBDT
CHALLENGER,Usc1IxrnUGtnNWdARh7JSfGzyUed2pw18q3pNoPzeBIL4Q,No longer love,630,237,179,False,False,False,False,YpMM3Vl8B0vhW6ivZoBUCgvepeGh1GLNg68AsA_nJRL1
CHALLENGER,4i_iVKqtr6eMAWjLVIZeedqbIw7TymeobAxjceFuJRE1cOk,전광진,705,274,242,False,False,True,False,DpeoyNNcUzUcsbI1smOlPyNDLEBmuG8fcOwQi3HnKD5-gjvS9IhUe9op
CHALLENGER,qAZCFI-HlgCZ8Cql0SCysFGSjeIcIpOSWSNKP9MwX00iGg,킹 갓 황 샘,825,258,217,True,False,False,False,Tf5JYRlKnpD3MNtjvsoVDLWbR9ELwAbZ501NosfA_BpX
CHALLENGER,LofbnFoRpZ9G5nDAY220F7iluBR_Ro6Lc9YhxwTordCHDUmcwCFfpXIiCQ,화내 지 마11,610,322,283,False,False,False,False,mupBcF5e-8sgCi45OEMvZy4T1BGkTy0IEKkAFUobjVRQApZokM7UBGc5
CHALLENGER,_Tau3VLEnGRMZE4xus7FqP-H3bzcsl-iDnpG0yfmCXwi_Kc,mofu weizhen,955,393,351,True,False,False,False,a-fl7VoH8rOU4FSpnSOMaP3a4AJspG02TB8uO0S6Uo8FtpzQexmZjjEB
CHALLENGER,aoVu375cpaRn0LqjtaGEVnkGf7A5dGxVT3OoKL07ZeoNwziGXSpVotLizw,shenzhenshaoye,1077,254,185,True,False,False,False,1wuAHQVQUnwaELkUpZtoOF6Mt8TOktrEP-LH9nwUOXrRdxdDv6VoyUQc
CHALLENGER,ZZbhfKw6fuHY6R9I5f3iZja3Ni5BprFKoEn2Z5FNj7dwwQ,초보강아지,577,188,157,False,False,True,True,lkcT2Eod1wtl8K4f3F8ggZe4VAgLSdUn-yzycwMgbv8-
CHALLENGER,OIDYYG6i1oX2Q1utC6hGRYvsLOrNc-Ncc4pcaDdowqay6Sg,JassicA1,806,344,309,True,False,False,False,8uV4adPS9LiWvAU4lWPhykktiFQ7MkVcXTEv7i4vB7B7zj13kH2_TqYO
CHALLENGER,RTifAFzNwv9v0m27hyz0sABTzU5dL8eo7wFLU0bFyyDXe-8,szygszn,839,354,299,True,False,False,True,z69o1YiNUuy_rzXrtb0JLScW9grSI64RjTop44IAvr1X8Y391udjbrzy
CHALLENGER,OrLWLwGiDdmbL3HbcBlPdEMcre4rUMTR_byUeXH0mXrOHS0aoCEu-FDZSw,haoyunbaobel,1029,319,253,True,False,False,False,LZROL_kXsMdIfOiI9AK2Jz-LpinSA9P2QapfQT2f-76pDaIqle6_gROs
CHALLENGER,YLJvWaQ6CchpVSSSdwaaF2MWpuulXinyZHI8CcgNAxGark4OUmU_Oc6ESQ,8x8 JG,853,188,151,True,False,False,False,OILLxLFb8yci8CGtEcORtvfxKZVrtJK1npOuUA8KpBkIUZaX8FWWTT2F
CHALLENGER,mQJpmjbYNGXIweZEST4DitNbs1cPr6Jc_lkivjAC9gQwfox-hrJXdeJwGg,살퀸레,664,249,219,False,False,False,True,2oDioVnI7T_yaC4vF5OOs92VV-gZqh2rIwzIbVmSu4RHyB8s3RRAUrWw
CHALLENGER,2UyAIaohMjKvozAC4x-cBUTByvx6DHhLEhf6arXgOTfYC2o,ZILZ,656,313,278,True,False,False,False,2FBiHZl0IL_GVM4EivFP0yUz2TWBoTbP4dXftj7Q9nai9bc
CHALLENGER,MNf10O1zaYqh0mR7kod7vJvRyrR8UaQPGPNgTXEZtkQBwfc,복실복실 태윤,616,129,98,False,False,False,True,-JVNE21mPeCl07-nr1P_jWmi8AlWMdL5xsulpiDpDarG50wC0PYSMP-D
CHALLENGER,YxGZs0skPrwve_RmqBQ4R8h5dGyl5nMXy6eFIfx6ZBSg-OQ,이 차가 식기전에,710,398,358,True,False,False,False,lQ51c_z6QM5WBnlxgKrfT6NpPGJQIarC8I1Xmw8T60p7pzM
CHALLENGER,54pEgKmeP_n28VFz93hDY9Dl4tIy58D5WAVPZ-08DnCnlXQ,jkjkjkjkk,862,477,449,True,False,False,False,V1IsRG8tzAmxI8rw30HY0XAgbNc4SgIOegdqDZXDMRDjX6Y
CHALLENGER,Lj7c4YMGNUPBslmtw2pVx8UCMzAnXf9sE3QUd5LwjfkrFaA,Honpi,573,288,258,False,False,True,False,yg8R5UB18W51ha1s9AvHKnVF2elmWmMqHVPHk9lN2dCFa9fEFmy6s7qa
CHALLENGER,EgyJPp8qLDsb8lh7W9u9Qj9eEp2huFkQj1t9Ao_wWKqU7W4,mingjiao,595,180,137,True,False,False,False,Kao1Ql5glL4Wx-ZRn9IPaYgInj2VTfI4j6Lzx1tYF6BMIPA
CHALLENGER,qH_aC9SJgJO8SHqD_yhDBl4lgeCqBUfvxaHe6gvsQFIJ4FI,hanashikakenaide,599,183,154,False,False,True,False,ozlVaDc2u1dQKIKwpznpq-ZgANtnay3ckqCsK5kJUMI-dyU
CHALLENGER,pQtuSa0R6sDNDDDpGXBktIYAk2CAAjEoPx61BTpAkF8Wboo,래 뚜,842,337,295,True,False,False,False,ebyX-q50RHeN96VYRU7eerDZYuPT55FOPbmsk6uz1C6a0EE
CHALLENGER,UTXuPHcCkChJ6ZZOIBY1rvyDZWKMzY_cltWRRBF8ZQuuhg,JustLikeThatKR,579,327,302,False,False,True,False,GKOjkwKTJaevDUU6IQ_2raOhD0WWRU0xbNGVZmowkur2
CHALLENGER,T0YNMFC7bHOACYa5tKG3zwThySOpVX10R4YHMspDroTzuaI,T1 Ellim,633,172,138,False,False,False,False,ccpn_TkYtkGZqj4w0dB4LoRhDrPPkAk-ZaiPNzmytePdKv4
CHALLENGER,sTQxYx-RIAyg16SJneBHUqP3XOg9DGeZ0o_3PEjvFAAgIAw,La Casa de PapeI,617,447,418,False,False,True,False,whs_ybwR2gUXYfPoMwFsfgXfP8c3t7h1beEGNLXcy7kSeeQ
CHALLENGER,BmapUG4sOBz4A_f22yfFhRtaieKBDHHjcSwwMg5VSkctmLk,통모짜감자핫도그,569,313,289,False,False,True,False,J5GpYCGWivhOYIg18poT9BZz00hbcppyfCi2I2TwiCjcJs7SkTs7ajZq
CHALLENGER,JYOPxeR_Ev8cpZ7mrt0Svmr1NQLLhXWCoyM-JCf85OfPiR4,칼과 창 방패,702,170,136,False,False,False,False,ovey8CGxhJZivliioYT4wmNyldrKNeh_tdbaCgRZh14MZvU
CHALLENGER,G522mhLtcUHl_SuvNFE0rmofAriijMJUiVO5MSBU6zGlP8-8noiscsl75A,DLLM,692,121,83,False,False,False,False,4tAJcg7bJiXQB6RuYHnb8H8BSIUPTI-40CKPuxHMESwt67IypNFwNcJW
CHALLENGER,PfKePPvEhVX7vfeNK3Zueo7qQmjISZnezwO-P4or1a0Aq4w,UMA PUI PUI,828,288,243,True,False,False,False,9wqCtowx32ggnGqTAg_-MPEbFY3UnT1RkS4fmvLQkFYSI9k
CHALLENGER,PVuCyvlPgrFoQtOPXt0QkGw6PzcJSvK71WoSwdi-yyqt4wY,죽다 고요히,655,164,124,False,False,True,True,q9FcS28Y68_-lk-CnVetF-vipTmwCW6qs8-92X6IzTHXT6Y
CHALLENGER,HWzcLvdHsjetaqay2ZsT7IxRDLMEEqm08xG8IL6sMV7shJI,당근채찍맛무야호,626,116,90,False,False,False,False,YCGNIUShuADKoUy14a9oH52mMQs_da91DZleZSqs9eJ6hR8
CHALLENGER,MT189TfZNTKIxTcVhVjUS187w30hdjlXnPuCxsMHTMs5JvuajjNVWOjcAQ,yangzhiganlu,618,85,37,False,False,False,False,z8O0BSmy6cPlO7hYsORObeOzV8nCNuSTFbTlX8VQ6BlyAR8misGg0OX0
CHALLENGER,NPR1RUadUIEeAn7301SoAieFI7gQalgo6a0dUu_HD7GkUgE,손연우 남편,711,136,100,False,False,False,False,W_gvXHs99w_fdJk5-QU7h3ccTYHpZWuIChqVFjJhx-EF
CHALLENGER,Wnln0z0kiUTo9qBQ5WqdvZKWl5Ld29kgIm4QkIwHRyyThQ,단군의청춘부재,680,281,251,True,False,False,False,GZhCd9_JeXNUY8hmevVFaxaBLk3KhVI1TMAjr6j00S8p
CHALLENGER,0AN8rvwBsDKYlMNEPFB1ZMx3EAmK2D1-rWJ6VL9M_gymV0E,KT Castle,656,286,257,False,False,True,False,jl-ppWSZIqGEKiG0I9rw446dCbVPR6M3kAtFLU8n2zp9-ZU
CHALLENGER,Y7nNfpCrzm9i9TfXTgqWq40Ix09QlLLWaWWqKxhS3sLL8H4,18세 기모진,663,214,174,False,False,False,False,OMtSXUs-5NB1aHm7XTmmU7eDnxJS_oCHDBODplpnTg1Jo3MCXPfxltDx
CHALLENGER,BVT7hHCeh9c6KKhrqa-sWHXUsv5LtdsmYqWAzdUyYI9MtLw,멘탈잡자으쌰으쌰,795,193,151,False,False,False,True,tgbH2bwt3taaMVROAkcWmEA7lG087z0YwJoHdhA-bhYqNXk
CHALLENGER,5uiAIIgSVTX559dxmT7u66mXKzxymb4vGeWgoXoSAqTFyh4,BRO Jeong Hoon,692,167,128,False,False,True,False,whfk2REjVialf_zKWXvw8hh2Ly28qLwGzVbyFLV5Ysb02TQ
CHALLENGER,qkodTkd_oXtHOr3Et5LVjpWe23hex5EabDkRrc3gnvib4j4,DK ShowMaker,1082,133,93,True,False,False,False,ujVNfPWJQhk05T8IMmjSHVWsiNeKjo4yWJgokY_8jq3fyew
CHALLENGER,Pqmixirq9G2fOZE6oijW7MW8QPJbs-WrxVACZsbt52QHXmE,호잇이,756,367,334,True,False,False,False,540yt3Ic5gqiLOuZiR4XOXqu6GukLGSRUnXR8sUSgZLGEPw
CHALLENGER,NSVP0xiJ39fC1u3Ae2SHbJrZ-0uy5tL8EH9bTkQuQD4CXg,taihaoIe,676,363,319,False,False,False,False,olNyMMrWn2-Kyoky9HFYldgOj7AYvgbrQvyydwiMy_nk
CHALLENGER,OBp4Idcc3pjy0wcunqF86Djs-oRZpNz48tL2u2JX5u_90r1bLQFyRrEs6A,두두두dadada,693,84,52,False,False,False,False,znqbaC6YzXl9PgeylIj-Z_ZQGdqG2B8E3yMmiLW15doxLAkMVKiUxp-O
CHALLENGER,ZDnPOGmvuO7MS2gh6w3smcImrKVi1AIyHC4Qihch5ZQrNDrqDb9wfR1MOA,lxc0v0,580,100,53,False,False,True,True,
CHALLENGER,DU3mRgZaNNew5E-939_xDrMjRhCascCgV0E-XTq3L4U3dPA,Liiv Effort,912,155,114,True,False,False,False,BO1WPkyaDY2nDrg83EvQPXskdFZ2evZaMs0t-Hm3ugGyQOA
CHALLENGER,5BEi-zpxLeFtVE4OTLVJw4RpViyTtTIVt3HTsvhZaFIeLYEYDQj7IrMIhQ,long yan jing yi,988,167,111,True,False,False,True,uWApx-HZx0p3_78XVtbtbQQrDWj3mT-M-t1Oct7jLy28-WiSqvoifCKX
CHALLENGER,n3t70BqTV7ASNTm3o68_aZJWwZRzXhRnDv3UZMSz1esfJ_k,xiaomingaa,823,213,172,False,False,False,False,DICeYcvfunXsRPSGXqqeJqHB131dyE5AEiReaXiIbn0tsvdQ-7QYXHXO
CHALLENGER,KXM2Dmi39H0MIxmJ2C_Ol2LGitDbln2W1rMhuILGLnDPVHzF-SMSg9tp_A,ChanceuxX,784,326,287,True,False,False,False,A5yB55WyLOWGXUskfCxbjOGT2kriRDzEDe_aFmVefuXqv1RWvfKoBNX1
CHALLENGER,kPoXnimQatzPh4LX2kSr4M5rN1xb3Y6IBAe_4KJ-Hbg95-_GRv7UHXWrXQ,sickomode0,623,171,110,False,False,False,False,VP7KXMbV2vdZWinrEzdogUGMoHdpAnSWvSe2yEbzia0s-ALXzZD2Vqss
CHALLENGER,dYyMfJSeFDkl_5jiOVdA2meKm4fxDO0Mg1ld4Vx7s-mZgm4,Jefl,598,173,136,False,False,False,False,lXg8L7i0Y7tUPcnr3PAwCsoW3PEQCmSjnYx_sNRwC4zNmuM
CHALLENGER,SXmlY5UwcPpTHZqy-OevIDnwGPD2xP7Yl22qTye0TmhvDNtforZXs1O3Ww,egwerhrgdfb,803,289,247,True,False,False,False,E9ryrdd_VNsjMROzOWOZWL-nl2DQ_JXZQmNf6zydqpziJxK_H36bvL12
CHALLENGER,vLPdyFpacLjjyqnOiRHdULHSzmvxQxx5Njbk7bmgBWt8P2viyn0zsvtLTw,xiao lao hu7,581,106,65,False,False,False,False,OsPMfs-LxBAnos6LhkFNnD5NYD0WMrKYjVgI9IZi9K3grEqmIZMFaJVZ
CHALLENGER,gOnIqnVuWGqX_HQedD5z0iL-Y7ECoJ5-QqJNx8_bnIoZi4Q,윤용호,958,131,97,True,False,False,False,KecsxlT89zTqYQozRwqL21kU5Djvmste4rL6gPZ6-nz8IRg
