tier,summonerId,summonerName,leaguePoints,wins,losses,veteran,inactive,freshBlood,hotStreak
GRANDMASTER,uRDrSSNYR-WY-E2OuCsJ8T5zH_vM3aL7bNHrZsKsG2VNg0L4fv3Ql4_Qnw,rasup,335,276,248,False,False,True,j4cj2iP9a_AqjqvOTX8vRb1mRy5uoEaOEtISJOk0wtigTlFe56vzd2Ua
GRANDMASTER,PPHUDRgxNOeKGDKP6XWhpIvRyTVRTFqxi8KXb__AZkg8DAk,RiHoo,404,246,226,False,False,True,UMP1gJqy9IBpL8jrMOB1IFzXQzMWutXAAM696V3K-zla
GRANDMASTER,AWwkfQEQj7FLdR9FE9YoZRBCoG45qbdTRJi1s-7qC0pcHo_uPKOJCua5jg,ROADMASTERKlNG,181,94,60,False,False,True,3rmuIvn1s6yEszw9lrHNi-lvfopbTMPdHUCSvg8zOLP-o4Rk1cmUaleJ
GRANDMASTER,G0cWMscWKocwpeLYKgA6i-r-DT1dfXyHQJgZDXW6NXeWVfXCojzAuL1SJw,Moriii,338,140,107,False,False,True,Y18XVN11Z-rxbketiKpi1Zz9zplT1cer2eKHsXc_HSB5dLMob2qqHyrB
GRANDMASTER,USa6Bq3-Pzk8SzqeFAqwgj6iDqVxuIM_dJjIsUz1pzdcNeU,데아시두스이어링,344,73,41,False,False,True,2kAbi2bNa6kcaMpsu9zLDtZKyuenJiHjdGCkt0WNlc-g25PP1vYJF8po
GRANDMASTER,Kh4AABSfQS4ojlW0NNMcsrq8cTTukIwrbH35NTpUhdPEh4I,뚜오뚜오뚜오뚜오,246,163,138,False,False,True,u34xtmJgtCeMPkEH6PLiiW23m2YeRPunJ1zWe8cEbu31IJa1z-8KW2Gd
GRANDMASTER,EbbHm-w9XjylLaQgycooZeoJ-JEEobbYPgjAnjHFEvutsns,공주 킬줘 어시줘,223,150,139,False,False,False,GVlig5OQCROF0neOWH8MkGBI2foFx4vbplZdXGstl_DdgE0
GRANDMASTER,LH7Clng_k61-k9QgC-NL8B23SBCWAWTLdvn2QR8GrGptcPM,Gen G Envy,458,159,136,False,False,False,EVZj4HzyiKCRBmnJaJxjQ2eC2qUmWF3WvQWaXbG5TuDScpstSTOoB_MW
GRANDMASTER,73_xegvH7hrjD7k-qiwIiP7Mbh3o2Q7lWsfb0ayqT_wusfY,HnJaH ,404,244,213,False,False,True,ulNu-QYXc4jbdqrr2F25TTDjml_fOK3r6tFQOjC9C8hSQE0LcM0FtT9H
GRANDMASTER,m04JEeHKLSP-TBsKSZN1bFt7Y5FMJgpssv3hXctJ6JNgsRk,꽃피는 용기,230,318,308,False,False,False,FdzlfxlN-WeE5DhKvI6CTRf0eFd1pDXsQB-URuL26b668fA
GRANDMASTER,wVPXtMgY605svyDVahi4F0cXVzO2-lldkESMQCKnRZwBBQ,일 편,476,99,76,False,False,False,AV86g8V-RXjjWMj2RxIUds_2-DTaE4QJ6-8hXdiA_RRr
GRANDMASTER,HTnQokhNbLXEMQEzrzLCL_ags9cWS_HpINN5O47UwVxuw1A,DYU  wjc,324,74,57,False,False,False,fCdp-EFG1xWlgZ3ONw-mkGIwYoJ9O5_OAMT7kWDA3-T5y5nGzDS7Msbr
GRANDMASTER,0wIV6avDj9YshvK4ZNFBdPOjvxyj6dVwb3huyLcKSt3R5noYxp8QB8HGZQ,무자비한 최유비1,220,69,40,False,False,True,ho1EjvI5rYgi4IKHwDekG61UHBPkDMR0bHwjWKNukXzNh29Eir6HSk36
GRANDMASTER,FmQy6UBs3YKtKSAt2dgHk0hNfyTWtlmmAkeKVQI0U5W2l18v,flnd myself,179,110,90,False,False,False,dahDpYCP2Nvv780oqdvk4S9OqDWmpYh7WEqwgKVEfhbFobaRc-8nSUxg
GRANDMASTER,IvJe9PcND86IFDSfFt6ZTH_gGvl_RyS9tMnENamccM_085I,옥수수0,250,367,348,True,False,False,QGWF2zTYLRe8EH2I-b7m29q5gW-symxDbbEMZmDXAz-TTdk
GRANDMASTER,XZKvtsyltQAa0CdBvza98vWyOcLpAcTFT1bQ7yGeYdjgTxs,Seize the day111,352,444,378,False,False,True,T2C3eUObPn4AY86BUKSwBf_j6_6jVc3QmioKzIEoUOwWt-JwfQii5Y_L
GRANDMASTER,aBqHoy9unU2_xHlR0eNfDx4RAK89nAhFrZAiSVTv_q1fzWTx8JEQYg5DtQ,Onzed,223,433,395,False,False,True,EiGxm0hR0E6WuWlteu6nuo4MvVtXduprpI_UQxKV18ExbuXyI80Mhfll
GRANDMASTER,rx0cSYGs2HmOsKQPlhtVVbgFtdXAnosKDQ34PcaMDWG0e1NWqEtXBGKjtg,난진짜바보야,289,327,298,False,False,False,fBaCoiWx0z7QXh5bEfBnvtka2N6zswofbPQzPjeko9wt__jPlfkmMkwL
GRANDMASTER,2Q-GCufN5o8KUIun6O2MlomnxJHjT6XAceN9oR9m60YhpRo,서도일2,489,224,188,False,False,True,AR0ouLwmgVTbHhjgM2PZwl2Dfrgh5v2tvcU6fBB4NsaDR_fSj-vMTl_N
GRANDMASTER,xDdN9_0OaVAH5LI8IW8UHXV7QHOe-90ktlKuQZtHd4W7WwpA15NiU8Z3fQ,눈물이흘러1,285,89,76,False,False,False,V-U7rGQFmSKIznFu3xuUXLPVO_KXDIK5iRXgxB9kV-Pnk7dTU4v78Y7c
GRANDMASTER,q0UDLGD2KTpqRp_7qEEE-XJEbrFf1Au1yZcEF9AgXhRG8iw,악마 빙의자,394,581,541,False,False,False,4Y9PRVi4E6tqkzL1p-gdsYo22XFAOIMNc5qMn5CyBF355yU
GRANDMASTER,ymYyK_0c27Xbp_FmY4pm3NGTY1d1WI6tHcDwpGOrBVocQO7Bkp0ugixInA,The lian,355,87,50,False,False,False,JDjsSOTxke_zwycO_lP-98e-jSmSLW6kxgH6wUqpuDrs_aHVdu6Be2d1
GRANDMASTER,m9LumJeIlGenFW17zIeoi7Uvn3HgCwtO1ghJMo8b7NiKnzJSgfqt4OD0lQ,banyebanyebanye,441,142,88,False,False,False,uvKU6-nrO3DPgt5goTo089rqgVMUQmtM_6xvMSz-siXjCIgOYIhP3uXG
GRANDMASTER,GbyNKTI_uVxgcDwzcp_q730nfhPBc-iQJsBiMQqtIMouDDc,CalmAD,493,96,67,False,False,False,bkqU9t4wcQvQ-k80z9ZZnsmKRxbDP6XaaEd0vs6PHmuD39JsZKkM2p0d
GRANDMASTER,Y7r7Gv31jDWzbE4fgyCopcMxa_ISJe7weUjAD20288t_rhU,마케나이데1,256,88,62,False,False,True,Y3-RQ8gu2wmEgdqbPUD51uJZiIxebxMqDCCYutBUDHcE17k
GRANDMASTER,YGyA07AKVf1YIedCX2fHhPQjcGdvmIXG4GQu0TMIL9upLuEHMqqMXumjlg,Betty777,418,176,168,False,False,True,WT4ZE7Brn5esuNObixpp86_Jju2zy2qvjXVgUuXlWxYHIdjBm4XDC1Mc
GRANDMASTER,Zgng3TNAQ-CrwwfMijkKR-EABbijaHDT10Dly3vmWDO1IA,좀오지마아아아아,461,365,346,False,False,True,H3do2RMBvWBZV7QmvhOA2NYhLzb7gv66GT3cVn_5l6Mc
GRANDMASTER,0sZgWKpGeiTykDW0a4_ynlztPHwChaMrk-OmJcrQIDopIKumArqiKqQEzg,zwhy,420,219,183,True,False,False,03Lnp_SWSn_Ttk0RthTivcaWpLuTzoZtfZ2ZslrXYsglYJkhmCF8dGnC
GRANDMASTER,cJN7IaUukxv2ESK7f8270kQvQBif5QeVMf3KdMmRClJBYmo,죽어 이 서폿년아,212,140,114,False,False,False,6_7gsm2drS_xlRhtW2W2SSyYzIDMJ_szCgTeLQFx6o-YZxpPeKiN4OnA
GRANDMASTER,rnRrmcz0HsRJlUG36KuW4CorDO3sKDGAgaY511LPVv-tTt4mFxNA-Z5kuQ,Nai cat,201,300,258,False,False,True,BixcRRVwU1Dw_TTof3kBpyGiBj-RW9D2UKi6T5jaKgwkvzgAHzlmsJmm
GRANDMASTER,WGMP9vveyLTlFK46qvTaXtjRtzwqJdTi_SVnhaeNaLtPY_ju,milkz,292,333,312,False,False,False,P6Zl4qYAqrJgwz1PGgFtvniD4e-MhLaEypVqQ6uZpDN20wvSpsMSjFWh
GRANDMASTER,bzJ6qWcU2ddxdQ0MFhNJ1t0hYxtaacze2icIdRKoKL9aOPA,Shadow Enosh,280,411,381,False,False,False,eLoPtIADknZZ6RORTLRFOZP6Ier6JKbD8Mcts0r9y5gH0JHa6vE4fjxI
GRANDMASTER,AWiR14rk5mRtj2IybP4F7rLwZ686JW_d3QxNQlSbQn6VTA,둠 심,250,292,282,False,False,False,vNVrtZu_8UGDCtdTCzHQfrhkClq70kB5P8v3hq-FtYSk
GRANDMASTER,QFLcKLeGoVsvuQxO4uCkghh6s-A0t5pfv8VzTIxeqcFuPFY,도구야 힘내자,207,117,82,False,False,True,lT8l_TeypEcX95dioHw2UPuIZoaihhdACrqkiTEPfk-wC-o
GRANDMASTER,OCGwkbCA5UpQGZ9cZiS5_TxakpGyyop2jFKY8SUxVlKTGNU,빌었어1,402,75,52,False,False,True,vvlm20YsJJARdK7kuePYZYBQaNdv2XxHEMKfJPFm92PfIi8
GRANDMASTER,9gOdAAlnPB_xcZGMxEDy0ISfai8FHkycVPYU6r4vOCVi-K0,iF 우주,267,190,154,False,False,False,qXTwIQnJ_qzMFlRd54v4MRtmW28RB1ssFlneQhCY2N1Do2_Tnmr40b_E
GRANDMASTER,d2PRsa2VhEqoEcCx0rxVtvhXdP5U3b0cF2PyvSSiB4HZgAw,3월19일12시06분,217,160,153,False,False,False,Jy6u9QghuHyyHINDwFVPOqTTv86jYSClNIvnQ0FQMacamlY
GRANDMASTER,s_C5MnsXos3i5oC4iyMxpuXRtwc8OsUpgwkBMOLxJjMlHxp1,Artifact 0,323,93,76,False,False,False,okfYps7eFNMIywgIjKJyPKQnvy_axKPTSdsVV0_vRq3DWkEu3uIN3bb0
GRANDMASTER,2H7V1VRWCM9T4GNjSeQ0LKcAoCevTSXJGfP862SCywAhEmiWYFuQ2m9VGw,lzr 2021,342,95,53,False,False,True,X95_SbBnTh-GGrmknl9e0M3SMhmqwMYGh-5OCl_KCHqfJwKRBEC-IJX4
GRANDMASTER,q-5DPHBEsMf0ib0fSO2GoH7MttbTa511HKr-RaW0TB3OuMC_R2uWx3ULsw,Kid Ref,387,236,205,True,False,False,6kQUuoxJhqirbrHuzx0tUPdQhoF29io09nGzt5m9ugdYZ0KGy1-E_C3j
GRANDMASTER,YrdoSl1y3S3Z2xECzyoFEXQabrJCFmJ8xJomrWUplg_GERIH,bie mo wo,252,514,485,False,False,False,XjhL2ZuL3vBkCOi3sxkwdTBPX6mCN-xfyWFowVjJwN2Im2d_zyKRaEcj
GRANDMASTER,yLXF8SRCqL_NseTboKKJ2VKlg-PICi6Mn9WeHbbG8v_XCjY,Kksckzx,251,149,115,False,False,True,wtGYZZMdlhuOLdnQQa-uR5Nx5n53YJ_Sl0i90TTlAFISLIL_RxbdkZQA
GRANDMASTER,fcIOGNVVebnybquQkCOu8Q0kWnkSPVs3vlhUuM9tQ3K3bAg,크림몬,404,206,177,True,False,False,pgCO1l88k23dSDF9f6RYyHHjCG3j0HIfjegZB8CkLIgOKLQ
GRANDMASTER,2I1oCOZUNEyInT73xQpGmmVI6HRqyeKZKys5z-mXWymPmoY,lllluupp,335,102,78,False,False,False,XGFMjindSzRc2pXCDjxY9bVo3N8naz_z-CslvtGsxYYfBnU
GRANDMASTER,koiqVdACn2uD4HJaF4YNqYFnVI51TbvpEtB6JiSN7y-Ujw,롤 코치,211,163,136,False,False,True,ek798N9KRVQ2yh6J4ocJaenMiv32z2CiCCAf788GQ2cV
GRANDMASTER,OOk1qXdONmBn9PoA4k3iNgH3iiH0ufOz8Sd1p4hmB6dQaUg,Sha si suoyou,302,47,21,False,False,True,vLJPDdzxSX55HzAbX-PrjwqgCTDsFc3gB2X3-drWuuqtT20
GRANDMASTER,ApFNp5M9-uFCHJeRROsMsWroGObVmDEG7t6ncEaDjK4Ow3w,Brush Eye,207,44,32,False,False,True,r9BumLTa0k_VebpiHKphbs23ubCjs2EwV5O6RUcNycRUhgI
GRANDMASTER,t78-bACSnqnI6OO8WUHBv4cgus58YUCRzCAB1gjvGro-Sp8,yasuo buyao,210,320,306,False,False,True,vVCXvk5WFiKWDRMJlUtmBTGSYvig3fqPpyKSu8gc2H2zkzunPvjxRKzx
GRANDMASTER,4U6htmK0z6Z_rhAC5GKgoLFDJh8fmRlO2OQUDkFBfNVbeAYh,CNDper,366,90,45,False,False,False,oHhZhjJx9Qe69oSPwn5qX1KJ43j0RZe9JKlEo5Nti9q7H_oRmEHXxf_q
GRANDMASTER,Cmpo55d3wznA1kQklMH6oDnQCrHWl2qyTKSX6CNvO2FPlEg,마따마타,245,42,24,False,False,True,w6CTejecym2wYpo6B1E9-nrE0mK7dUM-Q-KXzYu_SgYrx-o
GRANDMASTER,ipR6Z9yPLjqyoQtJ9MKtiiIrq935gAyEl08Z30Aas7roJ4k,BB52,273,77,48,False,False,False,sMp0285gJOcStXjpsIgRSr2E4nWa3eNBGg5rCw1fQqg7_qGlpyFXrvCa
GRANDMASTER,RM6Aixj5P8YAjsKZmZ5tHZUohLC7-er6gTxX8vTLVxBRyYY,Liiv DDahyuk,451,386,363,True,False,False,u4dzahNbClKFixnhDp7rUhr4pmCwZUWqmIR2vOms8_DD11kdYvddEKJb
GRANDMASTER,T2mP5qBixIwBmf8i3eypU7hA4vvGFh_qytsFJ_aUCiuGipaxKezrr9EgRw,trud7,439,162,126,True,False,True,AIOK3q1JCSusHild0GHqDSbVfJb32NFmEIfvSYxWQcfZao0-_E9ZbutO
GRANDMASTER,O4jkcwZbcl_PChIC4XgpjDnm8hWFOy58yfHWerHqgIDj-A,외길인생 샤코,505,257,212,False,False,False,yVo0v8-GyKAPeOLR9QonbVCmdr32r89a3mmHXUGBbsli
GRANDMASTER,buwdocpo3o01zJ8qMSQQinghXK594Bxn9OZizJ4moHEEF3o,DRX Yeosong,404,305,276,True,False,False,tCEie8PZpZZa3yUtKy7VFwLMt3MgmRIOLqA_44GJT3U3wbPkP0YyORV_
GRANDMASTER,C7OA7hE4v0nO80fMRBQY9b_J8SvYD2_kZo-ef5VmnBZb1qg,서포터초아,267,104,72,False,False,False,E15edvOriLQfJk5QkeI-5lWOTTHez_FXeEvnxXst6RFRdWI
GRANDMASTER,Lj7c4YMGNUPBslmtw2pVx8UCMzAnXf9sE3QUd5LwjfkrFaA,Honpi,507,282,255,False,False,True,yg8R5UB18W51ha1s9AvHKnVF2elmWmMqHVPHk9lN2dCFa9fEFmy6s7qa
GRANDMASTER,P6wpBIuiXikyYNzzI26zL4qKq4KGGwVg3X55C2h-8wJwve4,은결쌤,334,155,132,False,False,False,sGecyjxUtw2UA9HwcAlmNz4b6oSMhJzD8aQjsoDgARNfXuXYX4Shc64j
GRANDMASTER,6feqyKfxaWvPAGG8q2JQBApp_QbyNbjW0vc8nxa9UctTFYw,쪼꼬맹이 유지니,335,202,176,False,False,False,fNX3dV7_6vKCapAYjEj8RcQ01vRUCTfOC0OSftbmyUNeijs
GRANDMASTER,EDrVteq5rEBqWoJq7le9kxAh_U7f7q-kZrVCJd98bCQDLQM,젱 글,322,154,133,False,False,False,E0hBRT2hceYtRg4_VZ3BkolCRq6HbJ5ulNNiOrtD9eOENwCQmFwyQ3Ul
GRANDMASTER,f9hwJlkObUrdRqgUpu76M57KWSP1axlpK4gZWie3e4h4-qAyAtTgYUWkiw,mllky way,403,296,261,False,False,True,False
GRANDMASTER,9uZu39a3pFmPESgpRO5xlZprS8oeK1pJd28D0DO95Rud4pQ,고기에겉절이,240,99,77,False,False,True,hzrsdVSkWMVANbn80Mg5Oq5COBbZjImbPRkxetX8NlLG752moSdhOdTc
GRANDMASTER,4OePpYzaZmXFK-F0UiQTWErr8GRIKwQhbjmyX6Gh3nAPh-w,Gen G Dice,517,193,168,False,False,False,l6OaMpISH7AjZUDPT2nA4W8NhFbBTc3yrK7mNy8s49kR1PU
GRANDMASTER,40tbPi5wr1zUPpWxrxT6tGhMa5_oFx-DEee73BTL_Fo9tGA,불멸의무빙,247,149,131,False,False,False,kSxLCOXNYW9t9uvj9WmeD2Llz8Orqh4CdJlcQHfF43A917xPVuBCRsd_
GRANDMASTER,OsQQKRPXa4-wIpDoZPWk-_9s7Prsv7ETaDi-TJQc70FcPoK6gKtvrObOIQ,rdtrd,456,163,124,True,False,False,ofGRE70p8i1Ojd_KczJB7KGngMnquX7ptNjdFP1S5HOyFhSkQzsJEFUF
GRANDMASTER,tY_6Y-1-127h6FOcecO5z47O-gHwdRcEcnTqpeZ7wL87Rln-v3ia_btMMQ,Contact912,393,262,234,False,False,False,XtCaf4nXlBBewKhqeTFKyAiW6BYoAObTkVQ9wgN3AT9BfeuM1j2zcnae
GRANDMASTER,Y9fuk5ew2qjICQjhMAUcJGHocYO1I4rvhD4yNQAbTquPvfs,Shadow Nia,417,277,250,True,False,False,8woeHjzxfSHpwak0R0aA0XoaSGr0Eyj3kfqZGcesVBLX
GRANDMASTER,wzBOQdgE6FDDeRDzgRav-e-D7sfqMi8ZeGLvPVXAfdNqCg,나는 몽키 D 짱구,434,275,248,False,False,False,y2nq4H4yFxeGTu3t-eREgu3-ixO2VYzYvXc2nY862SDy
GRANDMASTER,lDf1mCfMBdnN8esijqX69FIABakxsghGoTohNmAxdukcvvA,꼬마들의 잔치,292,419,406,False,False,False,6qcKTpKhAC0PeJpw58Lvy-tlRNzzpEeoCrNe_WyP9Euf0ow
GRANDMASTER,vFkbwELrraFDBeQcUu8p_YQSwvnhWJmQZf1231D_nW9h7hM,세상은 날 싫어해,251,110,85,False,False,False,q2BPbs0cR2kYk6khvfVCMFHhOtegoot-U_nDCI7Zde7XzDIn4s7ewM6b
GRANDMASTER,tXgRHgnKCHjl3esFBay7ntAW2zmIOoeBnwma5N4PFsY9bxo,ANG TV,225,440,424,False,False,True,_epmXL4HUEHvWRAwtaYHeswXtHW5imlwwkljVlpoDIzvWZc
GRANDMASTER,ElL8OYd8Wz-rGySL_OG0hKgDzVHN1UDGOy01AdqQCEDptRc,Aimingg,268,114,93,False,False,True,kfs30difCNcikHQ9G2jb1FvpFRt8hoPYkitnUPnmG7-aAOJYJSGCwpgj
GRANDMASTER,LlFrSQLi4Au9X2AghWUQA5x7kXi3pdChz2o4cSX8wfNEEN8t2Z3or9Dm4w,운을띄워주세요,358,314,270,True,False,False,SbnCM0X6eBy7DhnSLWHIzaZCRJl2T5KZkyhhCxtuRKHA56qXPfxiNByW
GRANDMASTER,vaAg7U9cyR5pOKTpiO91RHj7roR-ylcBA2nq4Ky5MOLjj6U,My last year,535,267,199,True,False,False,UCm1gzpZstNEDHGIAetn6hu5XMwKlH83eVffM05NGp8gJ_HjNrl2gTPz
GRANDMASTER,AslxDoTfoQgIPYu1QUy1fNwlJziKyqDg_pRfqyD1KD75jKw,어쨌든 아무튼,341,393,357,False,False,False,MwqWOzvr_WuZtoKC7LVpmHjit_wBxPkyAlxHvUdsB8E6yOiuQqwu3-D4
GRANDMASTER,mcdSfPGGzEJV2uQtXOG3dR9QOXXSZRSjq9fqtpNh84eeJhc,앵지 팬,249,527,484,False,False,True,L3iuQ4ReOsipUjn6kCucXoX9J5HlR-_mk8k6c30jD_uY1jM
GRANDMASTER,u1Np_z-BxDAp-CiSxJmDgfMj8DJFNpRjvKoh55_nJvC9Tbal6SziKuBmWA,aaaasaaaaa,205,208,175,False,False,False,TfIXR3MKrDHs_AkBHnOIof1hXNbQPg5dHWxGq749ptJmPdtwa1mxUto0
GRANDMASTER,_jK8xm-4Esy-xMJo7Iiqk3V8e4wIdISqw-NU0cjwAigzsJQ,Sz99,214,91,71,False,False,True,44Zu4fwb5rzuEiSzhjxeX4xHM89MlHbn9ACdOEAm7VBlnyg
GRANDMASTER,LDxMNRI8XvKxVEf0Iur80YbUd56kIqcEjVfZffEuXCPtWwM,hiya bucks,254,319,300,False,False,True,vWkIo__2guP9lxi6uA8s9959uwsNiaeCFDPRm1UXfEgeD2A
GRANDMASTER,okIFPB-rYjh5Yk3TF0zzIvb71bOpFs6CPXMpGz5tB6yyx3pS,oozu,210,256,225,False,False,False,J0X49UITVP-a3dl7BFLXVA9GuTOi9ra08fAqQzBRFTKKLEn7Uszs95Vf
GRANDMASTER,r0b_ljRYxOEN3uL40q2mtv2LMtP4lUuzDz80iPjAeR6-yEQ,04년생 김루피,238,341,322,False,False,True,lm8hUAXDzf4lhYoBM_BDVJ89llR9C8Z2k4kWhr7AxT3e2VgZriMkF-yD
GRANDMASTER,g63QzPZcg0jD4hxLSQuBp4TeENd7zAEKqMg9CeUvjeUwikJRir2cmwX-mA,le guan game,333,346,289,False,False,True,9kESELgNLH7BsIxpUktWU8RTLnF2ZpnUo0QRqkIjMKfUAmBLhrj3-imi
GRANDMASTER,SulQ9MqbQVNOUT8FO0hghRhA5ZnQGRzVYx1cIn2nBDNQilY,홍승재의 캠핑카,327,336,296,True,False,False,ce60VXY6Vb7ZhBx1cy7vJXmhRsnk1VBAc7gkxbNa6L_52OYfoAElYVqH
GRANDMASTER,5-B_jzG_DJ-mZWMsTKTwnwuKnky-j_XoaUr737zMx2nVUmG9Z1KFGnVKFw,DuDu11,511,208,161,False,False,False,2yx_ol3VyNpS33dWlMnNLPrHhlsfKnHZCyzHvRByQSs1Egek1fG5sw7m
GRANDMASTER,9kGmFw1NiQCV8yzRr2m3bbHww5LY0ioyFvqTxEwzMTYUrsA,xinren,526,170,144,True,False,False,eM4B9rf-WeK96hg4lH1uD2cb49PvnOwDDZi0ybGn4jQCLmc
GRANDMASTER,9gKkpVQcmEYQqGtfoNpHmKYrn89TBGeT25rpkTrMU52CuLNa6gPX09KN9g,21year0120,302,172,148,False,False,False,9d_oBjijJD_MNDN2J36eRnTUZcpu5XpjoD8DXqQrNYn4dGmM0cwv0TMd
GRANDMASTER,zTdrxKjY8vjHv95AJMGX1cHZpZAlmTii7pNG6vUtgy2MbAYr7ma7KlRzGQ,Xhovv,321,251,216,False,False,False,bXKZESx5N2zOS7MbkKDvihHvIqA_iP_V7JLj9gc0B_wDwvzDQnazmr49
GRANDMASTER,i9jPr-RuLidjOiOXIrcnczaYGXQgt0g-AGwRllU7sne1c3o,타릭버프점요,210,217,192,False,False,False,kkAaTFBdMKApIESqqp8m0sW-uj0XDTYySu5RiUaTpfVs4GA
GRANDMASTER,G45CZBIOFN0UKQkBKHC5DLY-ysyFySwwsdP-s8-TtYR3yQsl,삼봉국밥,406,104,62,False,False,False,8qcPWgDXd-gv8sygvdV-fgwxQH78vasd5PfpXJr41X-wctXyyk7dgN1C
GRANDMASTER,ibdZErEkaZn2FHjbQHisMw0URAR_Sx38uI_RM6CYUs1nSlk,L1sure,402,144,127,False,False,False,Ds986cJ_oHctK1Rnk7dEMPmX5csV4Q3NWzhersa2lQZe_UU
GRANDMASTER,_AbWS8ftP6fbl2kM0jQjHb6F1GXGXWhtN83SaxNaU9BqlXI,쿠자니,459,180,162,False,False,False,y_vWRmM0uVA_O2gG75RrdyaHorfyUi17UHbbTCU_viINJsI
GRANDMASTER,JOv-0NgSOIS_T8jFckkSDE2Ve7_l5JbZKMpl2Cx9TnV-Hyo4hq6Qi2JtXw,EVS Hiro,356,225,190,True,False,False,4RRIC1whngL9Q8fjImRjlTG85I6QoM2uPdf7qyJ4kO7jg0LAApMq41VG
GRANDMASTER,ERKz2ALLPpngDdNz5tXhlwe772UhnpFMbFw_lN76bH1hsbU,Rose박채영i,249,309,254,False,False,False,9B24VQsTcVVrGW2r5F2fEwO3c0jzxtO5eqfV1_LhoX4SFVHmdVxdWPYV
GRANDMASTER,0xnAVSP36hQDu_icCFhN52MUO7OKVI9npJ4lvdnXyDA8N1SoAuR8CLijIA,xize999,233,100,64,False,False,False,V2iaaj5E43YficuXmLlSzQtb2PNzpaplZQvnX8nNSeqvF3wVml6oy6gb
GRANDMASTER,pdk1ShftFwqoKl_XgdmPDueSepBavJofcVuq41GrIo3sj_Np,저 좀 칩니다 요,560,168,130,True,False,False,mHJ1B31rZr5HNC4i4j3U4Ae-YZ8YhlJeABhtwm_4z7pO_CG0gYWNVRKN
GRANDMASTER,k0z2YAwQDvSB6jwOG4ur3_T0ZWuHw6zZtL1ZLzpn2oEXP6Mg,INININNOchat,463,132,104,True,False,False,tGfPz9faQLqubiXysOx2g_s5rbeHrqd4G_naz3_AM2I4Buq-jlO_WviG
GRANDMASTER,j2kTept0XK8Vc1umkUR3A5HVRBm8M39LQl_VmK565qZ63J0,불다이아123,396,60,40,False,False,False,_0uMPFc0dwhlWvvJfL-lcNb3d1qL-MoEWSdQD4Uzl38NyWqHXKEE44_e
GRANDMASTER,SV_71jPdp_3KJXzhgeYKbnoLqayfIvzs_RFR5AHfbEIWOq4,Gen G Quid,529,610,576,False,False,True,HjWt22UpoKb4hAAW2CiQO5H96qnNmtaBe3n2fhkK2ZcCphjpBNMGkgiR
GRANDMASTER,Ddjc1_kaVRtVTcai-wAXB7HmA5blWmsMcCMf5Pq9O88huJuUWjKMbKxRtQ,Shadow Yu,431,145,101,False,False,False,xoG_SxnA-atslsaRI_WC7CLYeG7FaXqAAXVP5JY05lfcAFpJcAzinriu
GRANDMASTER,YzhhrPDbTAPhwYd4TVNkc5xqRxpdfIrG_S8RGiI55alYw0E,ToT5,317,346,326,False,False,False,True
GRANDMASTER,HrDp9gLhrUKEdVTVi8VLVqWDrVYmX7F4xeX4A5LxxBIu3A,자북이,287,279,245,False,False,True,False
GRANDMASTER,2QvJw1oTmJ4-OmLuLRujDOidgi-JUl9uYrgcARXfQHVOyPU,Witch,430,101,81,False,False,True,False
GRANDMASTER,CfKPthawqywp71nb_iAwEuS9xH6Ws722a-GGKCgIvYRISus,화려한 솔로킬,207,300,282,False,False,True,True
GRANDMASTER,NbycKIwnmpel-KRPdki12p6saVtbTEJhd05ANxBgn8r5qdg,EawqaaAOVO,384,256,241,True,False,False,True
GRANDMASTER,xPXrXxJlgMVv60LmJkGiqFqkXzkei2XyYDKn5pmDeQmU538,쇼메이커큐돌려,385,137,116,True,False,False,False
GRANDMASTER,ZhFpJB6FeI_LhzEcLfSDrK9fqWU1ztF8EnDE54EjeGK3jhs,어린 바보 ,316,129,74,False,False,False,False
GRANDMASTER,eaptJobDZqHkkYDfcBgBzyiUc2iH1Zw7TsdcWS6rwPMRaE4,NOK3,299,88,60,False,False,True,True
GRANDMASTER,e3FozaE3GqgYTFNyGpzEX77TZ5yGkeyPtfX5Bu15-alb6dc,Liiv Winter,510,367,339,False,False,True,True
GRANDMASTER,HHd0O5QFhaAasJZ0nzqdh0-0Y-jPF6NNFJbItYGH9c37uUmPHM6pKzEUxQ,SPG Bible,457,470,446,False,False,True,False
GRANDMASTER,S2dYzIQa4hnzZ3gRzplt_wjC5WNkzs7YrXqra0TQ13-W6H4,새벽123,212,82,49,False,False,True,False
GRANDMASTER,z5q2i3C0YS4yiPODLQUxXpadaRMnuG4l7HC1SW1XSDdYR4I,tesq740565123,225,380,351,True,False,False,False
GRANDMASTER,Pflmz7rL3bR2O-Wje8LYTra6H_FTzhLlrPnpbbfq6MnYCIXvHq7hwVuZ_A,WE TOP,197,117,81,False,False,True,False
GRANDMASTER,FtmMuztzbVcMruFu5Dlbx0bBZFK-BbPSwcyWkU99i3C58Zc,어제와는다른오늘,410,368,332,False,False,False,False
GRANDMASTER,pjShG3m-fY9xT_Izk3ipHa9UbYorYzdwf5TarwvFIaMmWRI,달빛 여왕 럭스,208,84,71,False,False,True,False
GRANDMASTER,o5VqR9yUbbt3bXv2QuU2G8dTJ-M8A3qNi0TOkZxkA4vPcLyjhFksIO9DRQ,세최미쇼메이커 ,250,60,30,False,False,True,True
GRANDMASTER,sVHIM-rtPdGB8G-eJuzqL4Bg2CaWFqOgoxGQApBbOiLhipg,Indexy,525,489,458,False,False,False,False
GRANDMASTER,mhi14J3OisjeKR_BggG-nBhKzkLtuX73mc4NJ4bkxBGXGT8,Ember Knife,206,284,258,False,False,True,False
GRANDMASTER,1Sxt7jwrG8XPe7aJlwZxiJk_835ZeCmkRkfdGoHcc_wur98,펜니르,448,194,173,True,False,False,False
GRANDMASTER,SDPlu8zypKfBlaYuGKLbkoSt1Na4hf7y9tkjCSZB4K0vMoo,FA BaeKHo,439,93,73,False,False,False,False
GRANDMASTER,KqGSLLPCpnVZLpB-Gviw6Lc4y6CKfIMaUbZpadwxlRI2MWY,QCEZADWXSHGF1,522,224,187,False,False,True,False
GRANDMASTER,MrU-w-Sawp98KE7CV0_Qn_Bh9WLAjDcJG5UhO0VWRp_RYLo,Liiv Prove,480,275,250,True,False,False,False
GRANDMASTER,R_kZF3eURhS0UN3GT-wtiRMFft7JJbA9pHQLz2FLawsgUF_beYoghDSUdQ,쿠자니자니,484,136,103,True,False,False,False
GRANDMASTER,lNghzz9It7G48-7V-6FbHfYF5Y8t4FQ0d5r0VtpSRcoKduM,Kamen Rider fazi,394,215,187,True,False,False,False
GRANDMASTER,tkBw5_tkYVEIsdI136GtW-DBK06z2r--FR3u6-BB7kdrj7A,haoyunba0bel,217,266,240,False,False,True,True
GRANDMASTER,Mt9J5BEGoSf30xkoKDCYFbcpUA03COtLM8Q3v64EDRNCPjI,KEEJUN,414,160,135,False,False,False,False
GRANDMASTER,6T7CYbyO6R6596LYVJOtcyav4CilxnPcr4z6fjPJD8EinRY,bowstring,255,320,291,False,False,True,False
GRANDMASTER,Ov-eON6NHQE9sDLHtkYGsp97GhM_YxjLfimR9kijBZyZuovT,Dreams1,206,84,70,False,False,True,False
GRANDMASTER,nzbocQuSeLXFfKKDKMY0HifZmgHwQRnVCCskvAEZSrS_tXQ,제압자,483,74,44,False,False,False,False
GRANDMASTER,Sr9PIe7wRCnYmIcqg7vFmicF1UR3ZGmfMNIeZwuu6b9hClk,BJ서준석사생팬,255,186,172,False,False,False,False
GRANDMASTER,8Nb8HTcywuTNDHPcnIA2Gm6A0EPe6T80ImVPWMD_MjPoeKo,테 디 스 틱,314,137,122,True,False,False,False
GRANDMASTER,QQXHpm9LDk6Nnz1pwUNv6Gy-JTWduWIzs0uTU5gGZ6dEAko,loI Teacher,291,236,215,False,False,False,False
GRANDMASTER,2uqCR1PUE8hSb_DnnPQSQo9-10U880IdmySyqxDkDJwK7g8,HIDE ON 페이커,203,182,151,False,False,True,False
GRANDMASTER,zcTvXRZ6PAfyb2iPzL32phnyvZwqc6J2yssFmbmnCHTBhH0,분신컨트롤,212,80,66,False,False,False,False
GRANDMASTER,jYN4KypfF-dvfSx8HrfOcBs5OwUUHUA0d0-yrT-rV_aMmx8,강할수록짖지않아,306,162,134,False,False,True,True
GRANDMASTER,reLOeO2GVt3Hgmgn1UpwwnndKX4VL-0cae0a1BWtlzTYEw,미쳐놈,526,357,329,False,False,False,False
GRANDMASTER,D55TW40Qsmflt3stuQT7c8PAtEmc6I1XrOBEtAkOaX2Tm7o,호리성조,515,276,249,True,False,False,False
GRANDMASTER,Axs15nQ-OzwwgdntjIUxfXnzAuq8eOwuD1ASoFN-jtZhNlk,akfrjfwlakdy,423,83,65,False,False,False,False
GRANDMASTER,Urb8tZsY_HPvGxLd5n2Kzx2Z0LfgFbQO8GPx9Pnv_yY_mO8CJG2Kda_jDQ,haihuizaijianma,492,327,277,True,False,False,False
GRANDMASTER,PP56sTN9yAuclFfykDFdaHIP1Xt9okPe7BynQyHSTb2zYMs,Medication,460,330,293,True,False,False,False
GRANDMASTER,_aUJC_CGTvgotM_EnGIiHEODQK6e771omOpsGQ4gZgZPpJyfDOSK22VWqA,zl존캡틴지원12,207,133,114,False,False,True,False
GRANDMASTER,X2LBmvga1t3Gsmju6y7fjIzphMr-p3_iDIkqqFslMr3YLsx3BtgUuhQ9VA,Shadow Lemon,206,79,47,False,False,True,False
GRANDMASTER,RZX-OWl3nwq1mR8CU_uKHpFlIoOPhRt48vNwoUBGf8upEJc,hua xia zhanshen,370,259,206,True,False,False,True
GRANDMASTER,joBTkM7GB5PlTzuR4-7JR3LFUpGLKWOCWYucQWm51yC8uXY,짜진오아,443,171,149,False,False,False,False
GRANDMASTER,CKft5SZzJv4UM7LJEZk1fVqjWPzDo9hV8gIWa_ilM5VPDfs,탱 녹,202,267,246,False,False,True,True
GRANDMASTER,ahqq3Dm52uBlXwK6kJ6WmAJyOmPHOTlf0nKt29A8PKt_eh8,탸 릭,209,204,198,False,False,True,False
GRANDMASTER,oFYs-m2mbiiFyBPh19ZJqa5tCz3iqmew2Wa_dRuo9IVPOLc,J III MP3 Player,271,331,307,False,False,False,True
GRANDMASTER,zi2FGLQSUOV7hdHqjATZlpK6F9CIXl9o1hK9DsTXLccHY8algeTNfhgrXg,ggttlplc031,259,216,155,True,False,False,False
GRANDMASTER,SRJLapP-S7wp6HuTqJcB2MWFm5dgcVogt_JXu81KeX-rHjk,폼 팡,402,492,458,True,False,False,False
GRANDMASTER,pOwczYHEGXNkq-CHmsTqYR5lBz0e5Svm4ofpViFoMv1opB9PG3pZqFlxfw,nerual,260,243,217,True,False,False,True
GRANDMASTER,teFgcFdFU5Gcuhq8yPE_wSAN54jlhGJoxHKhAmDI3L03moY,Denis02,208,159,141,False,False,True,False
GRANDMASTER,_1bAT4YOSywjz3AdIctfoUj8WWVF__YICJeXuZSXXEiopFoEXSHbm4FVFA,심판의 날,302,66,38,False,False,False,False
GRANDMASTER,WPLdcWlrtZ3xD2XhBhLtDFKQ2Hog4-QFZw0lcgCzwB8hb4g,shi hu du xing,228,271,241,False,False,True,False
GRANDMASTER,9REwTvWDdcWlxKavVfNiUp7sIWg3HHvmgAOyg_tpFAMLmpI,BRO Listo,414,380,360,True,False,False,False
GRANDMASTER,zhsQ-HlR0pjEPHaJtwwpN5VG7vY4YEjMJ6-7R7GWVJHKjw,하고싶을때만겜함,469,289,247,False,False,False,False
GRANDMASTER,373m0mmx2al0bnlcahG9i4ta0Rq8BX_00bV9ZyO5nCFaqVvk,ephemearl,310,71,48,False,False,True,False
GRANDMASTER,vzq189GuLHD3oOlBkHM9wxoXz9K3AXSb-Hlf54Gapj2vmnMho_CTHbjcDQ,guilty p1easure,238,125,105,False,False,True,False
GRANDMASTER,dffVD-2NPzJMBGeDhKxgjKw4oyQ7Q9kB88BZSW4_PHxA72KyFhhvzP9M7Q,Talon98,319,122,81,False,False,True,False
GRANDMASTER,eLlNkLXG4uZK5ccUNSeTOWbXRFsb66Frq6oxqvEF83_bEyg,MIDMINE,232,65,43,False,False,True,True
GRANDMASTER,rSuyqJggS-igRxBqhRt27atWrqLr6yo6h_QuhTB22ejuhX9y,신 겸,218,178,155,False,False,True,False
GRANDMASTER,U8MqsxD4ro5EdjwO_SFxTAC2zWN3YHl5-jTeQ7yuTHxiiAw,장래희망은느금마,302,268,241,False,False,True,True
GRANDMASTER,td__EupckQNPYk54GIfdDvJGuSNAUWbDZNqxEdFBHLhI5WY,UMA Chupacabra,344,280,254,False,False,False,False
GRANDMASTER,4etlTW66JfCWG4vLXsHkvAilF8Lb34k5O0cyiEJ_ulyBA0FS,bilibili22992426,339,130,101,False,False,False,False
GRANDMASTER,DF5fAiJoVOdGuyxsFaQObdrRNA9ZQydispNT8IsE-zZhI2w,이강뚝,209,82,57,False,False,False,True
GRANDMASTER,WCQ1W0RCCUVB6BgXbnmzbSRepCmiOdsXKrEogkJeo14Wbyo,T1 Asper,301,73,54,False,False,False,False
GRANDMASTER,_5UqKG8YqYFA8RmmEqH20TIt-TSRZaBQkaDaH7D48hUr3GkQwYVAFuR84g,Uma Musume,219,256,235,False,False,True,False
GRANDMASTER,9g5GPIeI6zGmaRhhcNkXc8eJwmXLVtxHBMdGoJMCakQ1-dHeWHywqfl4dQ,에이미 리아,554,395,339,True,False,False,False
GRANDMASTER,18WX9JwCQNLPT3aJuQtYAvCJI0qgHUxQBTvTc6VgbiMAgzM,설빙따까리,208,155,96,False,False,True,False
GRANDMASTER,Vh-yGMMOtAaH_mm8Ey1EncL0BJNkJDZ5TZs_a8Ry7uq9-No,Selnert,299,269,232,False,False,False,True
GRANDMASTER,r4ejDbiG2O9suzfA6434Db2iCB-LL8prwyVJFI2hTg61RPjAQzrsUYwe1w,죽이고 싶다1,549,191,148,False,False,False,True
GRANDMASTER,ZY4aDLs0Hz6S-mobsCLJ2ey8BlvuuW1SVQVCSq0CqBqt9B0,쉔드백,242,312,295,False,False,True,True
GRANDMASTER,C-ViMhmDvQGL-lz_kD5PYmQGorh8PCrT2Uv79iwSZNjVjA,햇님차사,376,193,167,False,False,True,False
GRANDMASTER,jAp4vyrMIvQDBEh34cB1PY3rfl-wXCyPZW-lWW8WBjhAxys,i hate coward,449,175,142,False,False,False,False
GRANDMASTER,PHN1GYrmtAYeghUhi67eAxgFZZuQC0NtxAk6SFxgLtdnT-YP,갱값하는미드,338,381,350,False,False,True,False
GRANDMASTER,qV0gxffC1QfQ068PsbXfUXQVqp9JpmScd7ISlogiAknpRz4,SPG Nino,439,500,469,False,False,True,False
GRANDMASTER,zYI0lYs941o9z_OiCZo7GJ9hjhuO3H3g12_mj7clPpqTCyI3vUVEPol2nA,ldgwxfjddy,489,387,344,True,False,False,False
GRANDMASTER,a4KPpVs0m8C7y2SuWOq93RAvvIat00lgDpjmUOPuoN65QdY,DK Donko,322,238,210,False,False,False,True
GRANDMASTER,kQ7QEqRv00YvzaeTX0heURTtd0cOYFEgX4bGJUHJUzUX8O84_HCK6CpiaQ,kimchi warrior12,379,61,26,False,False,True,False
GRANDMASTER,VRQLta5W9HM2s9465wGxDYwh6y3ppW6KpDQlWnBwhbbYBLY,IBZ,201,124,115,False,False,False,False
GRANDMASTER,-IrZsfsyGhI0CJqMNvSWz1fcWGfPiDuf80qDo5gmjhEUnXA,xiangcai,368,229,202,False,False,True,False
GRANDMASTER,LguGlf5yOuFK9llYOjD4riUNMfJCHWjvpiskv43tk4CkIvk,nsmarin,295,335,309,True,False,False,False
GRANDMASTER,2Ca8CKf0ohgNG8kyOAVy7N3BkOxBfoR9beRk6Z3KYvhrZb4AXN1X0DMaxA,AAA quankoko,217,114,79,False,False,True,False
GRANDMASTER,vlEhEcfJFQhwj-msObPjL_cud_gv3cQOt9mfam_Abs5ThEc,숨바꼭질,400,291,268,False,False,False,False
GRANDMASTER,QZrw7Of4If_0oLJpqJM7EYHAtQraf0QOiaYuKOiHn7XXJVpQ2wt3jdlAsg,huntiandi1,405,380,347,True,False,False,False
GRANDMASTER,4syEiKzAhDUUQGCyr5BdXQPd7pOtIJn5uvBSqGjpwtGxPfuQ3Z0a-0fYvA,2000 09 08,202,61,28,False,False,True,True
GRANDMASTER,0kbWT4QDSUNIEn50peyuAv_2pbxKb9M-qlC7dgmgk70aHYE,왕왕별,324,173,105,False,False,False,True
GRANDMASTER,ETNmDBfYRUQtlLcIkGkJDuDYhla6iMafvE2ejYsXtMzrKDCu,상혁이의 장난감,215,176,153,True,False,False,False
GRANDMASTER,_qLPtFZNvKCwlkmBydlWEDFwQXM1xT-lUypuaAeMKGok0mg,리맴버,272,234,201,False,False,False,False
GRANDMASTER,bL5wt7H5Vm_bu6aBRGZevR_eC92QdpilL1Au9ee1i1s0fhc,LunaLina,297,436,414,True,False,False,False
GRANDMASTER,C1iIIUWg-muXM2TN24k4RNFcHlsiOpDRlVM024Nwz9qXvUYsu_RtEm4AGw,ni tian ,559,206,164,True,False,False,False
GRANDMASTER,CQtcKKu9JremC9AZu5UhtkZHHYA183ynbRmzM0S2Ir-LRAe_29AV_WbL-w,Declare,320,99,71,False,False,False,False
GRANDMASTER,Q-xN1OzEUXyQzo-Kd1br-mHLI3UUvdsSOad8AuUHLhj7EMQ,MWMWMMWMWWWWMMWM,204,46,29,False,False,True,False
GRANDMASTER,PJ2F-ME-0053jsWxr9MQhID_ZHRGJAdNg_A3m0PCfLnK0Dw,Gen G Lonely,490,151,128,False,False,False,True
GRANDMASTER,J8fsI2DgFCU6NcJTHYb3_EpLyMz79kepGwHPhuMEO7vXBuo,iiillilililiiiii,335,184,152,False,False,True,False
GRANDMASTER,yd2bQI_kftKvDltXoY_tQXLhyzq6n63yk7r_biPKVPaZUWwK7HBv3eYCng,najiuzheyangba,229,73,38,False,False,False,False
GRANDMASTER,aDt0_Tyvp5VEMiM4JBRfaIFdNAB6YKN1nq9adYE-4BMCY7yIFOp-ApYSZw,wu ming zhl zu,253,177,142,True,False,False,False
GRANDMASTER,l6y0RYhLhyEoklHMD5XoQG4bqvAU2fuWXw_zqNVwFNq3Lwc,가벼운 바람,238,310,292,False,False,True,True
GRANDMASTER,93IhdghU8c7Rn0uxvbu0Io51DsKC7HVrM1viEkxNBIqVH46R,핑을안듣는블루,231,291,268,False,False,True,False
GRANDMASTER,w-0eKNparPT2mS2-rt6H56PWFII2_-QVRgSX9Osl75gSPcA,으하영0,222,60,46,False,False,False,False
GRANDMASTER,reazDcXNYwWyfNWOa3UNbXprTZlMwFTsJVSVEmcjKhodsqQ,초바 모자,386,99,75,False,False,False,False
GRANDMASTER,r7_8x-lrm6D6NzowAeBPL723g8kDbQ3ts6C42R5jHVNnpIw,재훈Tv,510,138,116,False,False,False,True
GRANDMASTER,RFUW3Bp6oIMn9Q_5RsKf2d7PwYW_RpJuItG9TRlYBmIJ28Qg,불꽃은목적이아냐,394,183,155,False,False,True,False
GRANDMASTER,TPiFIZWYETc_knlKj23ZeapRKCFYz29vhyJHIn3mBz_k60Q,happyyyyyy,434,244,222,True,False,False,False
GRANDMASTER,FT_XuJqNj7W4VHgFjqBiBaul7bVPGrR_GdoavOHfy625EmpbHFzB1vKnZg,crycrystal,269,238,193,False,False,False,False
GRANDMASTER,slp3w7-MOqXTTpRKvzWZBgWG8K_RujS31R9vWc3uBq5tU-g,전광진1,499,488,455,True,False,False,False
GRANDMASTER,QzDvofoG30ah6TINFSGEDPc1k4u8Prjw8C41tl0m7sWUbWs,타 잔,510,200,177,False,False,False,True
GRANDMASTER,wwUI9woN1YyOPQYh_W8pk5t2nxpfETVIvQpfDBCa8UBF56FBEAr103PQhQ,양념민,276,388,375,False,False,True,False
GRANDMASTER,w_9RyEArNo2aDeK_pOhk7py6Ty4BRoIw0kwpIrUv4bNgLHQ,갱붕이,161,322,311,False,False,True,False
GRANDMASTER,O3yVI_kGAcn8AFZZXQg8Jj5ROSgibygOmztVzwD255AaYkM,iilllililililill,335,245,227,False,False,True,False
GRANDMASTER,bw2F3P1dEDa08QSgqJDtCIvwO85IAU2yHPPKrVgVRFCdPJxPuPYjeqQmSg,qwerasdfzxcc,491,293,246,False,False,True,False
GRANDMASTER,wdgzRDqM-rPuHw103__zIZXYMIwqc4p22jLa7nr9KvrC9EA,jiajun jg,250,363,316,False,False,False,False
GRANDMASTER,TqsSCV5BSLMC1ge_wFDU7zStWqxiDtCB4qVw-R-wcrAZMOBSaEeMeVFuSg,98krwhf,465,98,58,False,False,False,False
GRANDMASTER,cipsrHQL6q2pdnhF4gWTzVQnQDPdHgD8nEhzMCp2LEE1ey0DMkz-ZpJAHA,농부 박찬진,408,135,105,True,False,False,False
GRANDMASTER,VuDCRVgu5DmsOHAlN_m5yHcyBaJ5ocrofTgBnLXArDJAnWg,PCS SUP,223,127,120,False,False,False,False
GRANDMASTER,KJD-iT0pAYAAoMRnYFfS5c8vu9VArZpd8Kma4B2GlDl0SG0,IgNar,429,87,65,False,False,True,False
GRANDMASTER,XEUKMfQCruQ1IDgytToLy8kswI0iF1TxGt-_2bLhXSLllns,공부하기시러요,337,127,97,False,False,True,False
GRANDMASTER,OHy-YG8y92TZvO17zsYadZunC99DK9uKtDEopyzmY7IwpBQ,레넥톤 장인,294,194,171,False,False,False,False
GRANDMASTER,GS6Rxhj0Su0z6PnAPIKs-6la17siAxEvKewGzhVsBMdQ1jw,T1 Zeus,490,105,91,False,False,False,False
GRANDMASTER,8q1XxPRL0cOTKF67QflP5SqhPKdRrNn008jdylTP6oYGKymXOklbF-1-aw,wtsonekdssodoe,323,136,101,False,False,True,False
GRANDMASTER,C9grYXaks2xCT9DXNbkSWlmq90YGr61gdthJ7TfL6i8wFF6Ec9s97AvbtQ,98kll,304,213,175,False,False,False,False
GRANDMASTER,UNERkVavbeLu56Xw2STgazX-xEB3UxzZQIMIroV4rm0ceX4,Seonbi,446,418,395,True,False,False,True
GRANDMASTER,Jsbpjs_CgOCzrd1_VW5GAB53TLT-sRgaU9rr_25Sh8BsC5o,미친듯이 파이팅,216,179,169,False,False,True,False
GRANDMASTER,LWs__ftW1Q2aD7oN3by6bYLHtbo5qpsJglBMCb_wx8KUI7M,사랑해요우리팀1,322,174,150,False,False,False,False
GRANDMASTER,StC3HCjJFtKbJzYjRZaQ1MQ89RiS8ftvi02c_ceSV5jIpN0,20020423,317,390,369,False,False,True,False
GRANDMASTER,17FiQLXc82JEuPxUfBUsj2rOizq5gjOQ67mNy9t0XPzttCo,i am Decade,287,398,364,False,False,True,False
GRANDMASTER,LswYeRZUgGwgzewnglS4ORf19QDG8BzGyeamQ6pGRN8yGG4,미안했던 날,208,242,216,False,False,True,False
GRANDMASTER,GADiPVlPgYhlxc_tkQg47780-URuJW9aEW8ZQDFJBnn-V_w,프로연락친추주셈,432,240,204,False,False,False,False
GRANDMASTER,JJG4Ic1_w2M63iTEkUaL4z6uVnaL5bA1SUSelffa44sAkbI,SSG94,241,249,227,False,False,True,False
GRANDMASTER,RUuLBbk7KTnXIoRZ7AGmREZfRb9cpWmOrIIPuh2MM-ZFaAXi,haoye,287,296,275,False,False,True,False
GRANDMASTER,I4zLLb7AUxHF5QwkxoaLwbM5cQUsXBZo5uVdl6Q5h68BvA,캬랴멜,461,217,205,False,False,False,False
GRANDMASTER,_4SQryPpmr-V22UJga8fuVyDKluy5H6Afx1MUZtlu2JMa1w,특수교육 전공,209,136,122,True,False,False,False
GRANDMASTER,g5raxCJHs9ffEmEJer6mTjNfaPhOiORpsM1AkNbGpJHNQpT3jxqvZiJ5bw,가만히 서 있다,220,213,183,True,False,False,False
GRANDMASTER,Y4mdyV4hCMB-bwRPmWmyfDwhpLfNGcmSf0sMAlmIwTkqy4N6ogGx4RMAtQ,qwbns,532,496,458,True,False,False,False
GRANDMASTER,1PtqpztS3uPhOoqmNjaIFKCyfHoNuRyVHkErw_s0LJhgJ-E,wj1212,322,175,153,False,False,False,False
GRANDMASTER,w3_BFkTOYz7eecXnP2vzO3iSAmLTaCgJ-CI2OUokgiL3vVO1,죽으면 내잘못,559,256,223,False,False,True,False
GRANDMASTER,AReUjD7YtURoEbpZ16uU-rYYuZrCVUnVYO07oOmqg8yDJqA,밤하늘별빛들,202,90,75,False,False,False,True
GRANDMASTER,1FIgmleGNudTEl6n-ZYdZojJsLFU_IOImVqnzQu-qXn3DFU,치코짱946,386,185,149,True,False,False,False
GRANDMASTER,9Isvzh-6kyLBqyXYV141DLxlGNhrzx0qeU1VRBHkOs92dxp2eIzL8m42gQ,qpoejtypqoejy,501,452,422,False,False,False,False
GRANDMASTER,mscYEuRjVCocDLnJdNI90xPwCBO-UjsgPQtVx4nO8Kx-dB0MbooVGvDQ8g,iiiiiiiiiiDva,472,295,266,False,False,False,False
GRANDMASTER,UZT0I6IrvjSB856DSu-jXJqaZlkQoQGt4r57ZKlmMEKWkLE,이 쁜 채 팅,368,65,46,False,False,False,True
GRANDMASTER,c_O9uXG5BACc86Fh_mtDobYb3G5qL0w6PwwzqlvkUwHRSQ,이건 망나니야,315,67,38,False,False,False,False
GRANDMASTER,1ZWLVZ-gBi8pKDcjMl4JiJ729SPDPRWVhQM7gAgfgkrfaTM,핏빛 계약,233,241,218,False,False,False,False
GRANDMASTER,c8JG8dOXPQKyP43uFgvsKWniULUDZ6Bjvm9Qw7GLvXWAhLo,희둥지둥,212,183,151,False,False,True,False
GRANDMASTER,ylpy-EmX7ekrYQEN9q1voiGB8T60tvCI7p3DfGr3TI76OVo,천 꽃,249,423,395,False,False,True,True
GRANDMASTER,sU3C9fSNUaBdBHWs2KnaXuUwZ_UxkH8Axpam_1eaKe64b34,DAMEDAMEDAME,205,38,30,False,False,True,False
GRANDMASTER,maUjShxZ8a5dDMZZWhLox-opcQqgUdXGTKGyIXAFcTm94nB-,창과 화살,216,73,38,False,False,True,False
GRANDMASTER,FIw0vm1pYHVSbdcT8T5fmpE4DDRfmG_jgic3zV9wpR7Z_w,sadsadawdwa,569,118,92,False,False,True,True
GRANDMASTER,oJx2jxrK9iq02-Et7vE8sCx4zXN7bjVoDDJiA4OyoCCQtTI,레이닝의 노예,509,542,509,False,False,True,False
GRANDMASTER,5IurmVtxhT4dBRV-Bptu1DYL6EzT8Yg4bk9DJgG6W9qfeh8,7bao,212,268,227,False,False,True,False
GRANDMASTER,6qqQp0CJmLyRN21KXcJ7of7vQVII1XQokiz87hN0PIUY_A8,여신강림 강민아,265,410,381,False,False,False,False
GRANDMASTER,uI0xBmtMi3l8bxlTwnOTxXPRzJs9KWNT4kNCQZwgsswK1WjKyJkFotpd1g,yqdswlnsdm,313,276,231,True,False,False,False
GRANDMASTER,slCN_iN3h_n7ZroPwRBZMZnvd-_rl-5u4uKyfBzf3vG7HeY,한아갸,346,197,165,False,False,False,False
GRANDMASTER,9eiVORm2gCVR7chWiw7w7AUKrsxgf8v4ZfVf1fodvF1lEHI,레온1,401,368,340,False,False,False,True
GRANDMASTER,e94wqTR7PI5Zm_3uanjTcg3Pq5GoBO_Ji_C026S0ufCQDeQ,푸 얌,299,169,141,False,False,False,True
GRANDMASTER,UTXuPHcCkChJ6ZZOIBY1rvyDZWKMzY_cltWRRBF8ZQuuhg,JustLikeThatKR,573,325,300,False,False,True,True
GRANDMASTER,4bZYNqle0vDONzrpkeYXWTolOscsaRq0Q5wS5un5A2og7XA,springs2,291,90,70,False,False,False,False
GRANDMASTER,7-4djci76_c97in1PLywZIfMhhYXcnFqDSM2eMT-jI4ogw,농가 고기 볶 음,358,261,241,True,False,False,False
GRANDMASTER,BWhinlWimlJCK44-sOkhgDfDhERhw551HSxP8yK4ppnOgXI,Two Tlme,291,165,160,False,False,False,False
GRANDMASTER,iyyHPz8coZPQu4Fl1hfZ4n00KG9xFVsAfCVMrBSbhZ5skiQ,Luv1etter,473,131,108,False,False,False,False
GRANDMASTER,5hdIA-xByOWKGYUZzweWbQnC2l4nieeCWo7WSmLhLOkp_tM,Dechimo,279,205,186,True,False,False,False
GRANDMASTER,jyk8GpdVgU7ZgZj7W6Taey9k0GB2VYWM3-s144LE9FMcpGo,Liiv gyuvee,559,248,221,False,False,False,False
GRANDMASTER,ZaSjQekTYGg9qELsn2eX_kUfT7qgTyPXTaLmmEilgkLMXpc,물개르세르끼,288,312,287,True,False,False,False
GRANDMASTER,PCpvZSULdiDM-rp7CkjtcvAvsHdv2ZDrdLu8hNRH-Hwgrw,HUYATV XiJinping,341,198,166,False,False,False,True
GRANDMASTER,mo_G4nSLKqMSNTXX5A8Iok0FJ9WzrIr38_o_AMzHQN-0aGw,뚱딕이,248,250,204,False,False,False,False
GRANDMASTER,CksT8RKZF3aUZNyYT86WPr-cLlM-jqWDEXlif5Djmu82Iw,원딜은미래다,408,316,251,False,False,False,False
GRANDMASTER,sM1K9CeF4KjPYCXTMrsvq41wOMJS8TTPG1CgZ0lg-yjOlHPYvMtDVPZNQQ,DYU nuguri,478,104,70,False,False,True,False
GRANDMASTER,N-9qqTdO37lxOBQ53-ZkP3lGHoFKiK1ebp-Z5PwsJOdfOQ,라 코,389,144,118,False,False,False,False
GRANDMASTER,Jx5Xm9rto4Dfq7U_duCmPolYnfuHX6zs4gONHACfQ3YIsQ,아이디짓기귀찬아,252,482,412,False,False,True,False
GRANDMASTER,pwPD-abkdqdTlvE7lxzfHVleJer_xt9qMWonp-is_TRZhQ,럽 갈,249,135,112,False,False,False,False
GRANDMASTER,I1ZwqQM-7wj4rzafn1eVceh0qp4yGxZHqBLdWI6uas0YLlw,테디팎,383,302,256,False,False,True,False
GRANDMASTER,gmPV-GynYsIac-dwCiOR2iD23et8-Xvr9N_pdPRfiputIY5CgJqy7raKVw,끝나지 않은 투전,206,192,153,False,False,True,False
GRANDMASTER,6ZdXQy5ngUBo5pRaSZdyfs77zZmcv9l0n3GWtDeMcQyv0Dg,Viper C,492,384,331,True,False,False,False
GRANDMASTER,0bV7DzJrfZdgbnuy9XfPCH01WEhA5ehRJ-jzvJSIWKFPE0vStKj37hapiw,Xiaoyueshen,387,93,46,False,False,False,False
GRANDMASTER,ab1jrN52wbhajO8wlpGfxBlC-WWpAyKDlXi5uDDNNuTAYjY,DRX BAO,417,65,48,False,False,False,False
GRANDMASTER,iZqm934ik-kDm7EjXkfzmMa53jc-bIr3GxvHtjYbHWfJFnGBpvSbYNgE5g,XiaoYESKK,337,89,56,False,False,False,False
GRANDMASTER,UmMFOwDrs2v7rbPa3q-qqrkd3L76o7CrVwIwRE6jw0rsZyt_YKW-AlR6Xg,Hang heir,383,277,241,False,False,True,False
GRANDMASTER,6_Ie-ObRK02KfPf96xE9ncxY9YrGhqm7V4NedrUxL4dI2Sk,woshishaozi,206,120,84,False,False,False,False
GRANDMASTER,LZyNxpKsZpshnssiRSeZhhMngiiu3dsMERK7kShZZ8Hh8Lw,시비걸면혼남,280,339,326,True,False,False,False
GRANDMASTER,q0Htf6A1jHl7GCZ1IIwpEWZLWrWz7cRBg7SUfoTOgR7v0t8,zhao shi ma,303,206,176,False,False,False,False
GRANDMASTER,YBJQy0I64amQqXQobe6FAm9cFXeGc71jmPmJzrRBR31cMn0,CUTE유녕S2S2,285,96,64,False,False,False,False
GRANDMASTER,CHGcCCRx7itEsPuynbXee9LVXoWWpRlEZ80Bekw4AUvngvV3N0wOWypr1A,Jiangu0qiang,345,390,368,True,False,False,False
GRANDMASTER,2WJIH4zOiduk5DhcDjLZwd_sMPndhfmeiAPUgTo0_iPqtQE,소중함을잊은사람,422,352,312,False,False,False,False
GRANDMASTER,JbDSOpwPnsbbJ2iM_2923TsRYblA6qbHEtxexhd16q_Z6jA,서폿은서폿이니까,296,161,150,False,False,False,True
GRANDMASTER,91d2C9YG2VNaB89wf9xDHHWy5oVQrn3W-R-_VgRmDM6pchk,나의 우상우,201,255,242,False,False,True,False
GRANDMASTER,FcK9N4qK3MBVYcRCFBP-yiYaxOTVGQMRKwFJZoDoEcpZs7c,OvQ,534,302,267,False,False,True,False
GRANDMASTER,Yjg0hEDoO5AHadVd8MWgiQOyB-TRqcVUyoDwAGo-BTDRrX4,Shadow Allo,428,539,518,True,False,False,False
GRANDMASTER,vND-iqqQiRFANx2us5ajg5jNcqbUPkQrMBl7nrOXbX8j5O4E3KtcWjqe1w,shi le zhl,479,208,181,False,False,False,False
GRANDMASTER,PvcqJcEDEZvzmWeS0hTXpngNa2kOqqa2LNBrPLbsXWBq90U,불만있음다표출해,399,214,175,True,False,False,True
GRANDMASTER,1KoY1JiPsSNH7vgXRDBxKq2IXyQYDR4phWcmwIgm7eidYJI,태기베어,483,182,162,True,False,False,False
GRANDMASTER,HbXefr1YteSIU-EU8ajp1bzIjpalL8tsoDXNfNY6LuUpu8k,안녕나는야퉁퉁이,282,469,433,False,False,False,False
GRANDMASTER,SJEbBsRxrQZMFWpEBH3YoDgJfhX5OYPIr-51DB9L8gitKtS-Rn3Uq24-gw,xcvksdfgqwq,264,283,252,False,False,False,False
GRANDMASTER,gPCdlTlQv7RA9H2F3ziZKqcADyTGsW817UOrDBzazQ8xALZuNagFBncMkg,xiaoru cookie,242,186,139,False,False,False,False
GRANDMASTER,VX76V3P2rZ3P3HLYAW-py9trU7jQ2MqXEkiYDfvTfKkLneS90KGho8GDSg,Youxin3,578,243,180,False,False,True,False
GRANDMASTER,Gob4W112BBrpNmqlS9UGNs1QKRaDqN_BcxwVW7LEXgo6CQ,Shaco JG,335,123,93,False,False,False,True
GRANDMASTER,sXKWLCkdWx2h4zOoYUGDxv3QKflrnTXYyCP_wPdNrudcv3Q,썰 렘,217,101,85,False,False,True,False
GRANDMASTER,DOqUn1As4AwQEFYnNmz-nTmbfppEClSXTpnnC7wRQLuVplA,혁 굴,330,238,169,False,False,False,False
GRANDMASTER,Asx-1RLktV0QaTC9Cl7mSJBl00PRncAPA57vqrGV97NL-wg,lIIlllIllIlIlIll,278,322,313,False,False,False,False
GRANDMASTER,NbM7QMlUfNcrgqnQDl2QM2YXf_AIIZU8GjmPavenzWf2uOzr,zkxkzkxkzkxkzkxk,283,76,57,False,False,False,False
GRANDMASTER,CzR99UUI56n8gg5F1gEJAGz12EG_My9JH7gpXvSefXgRLRE2azeo_3KReQ,농부 임진혁,438,197,162,False,False,False,False
GRANDMASTER,_-AtYuZz1mNZDdFLEevpAib93UroZn5WRlcokFrI55ZQ3w,인생 즐겨요,287,374,349,True,False,False,True
GRANDMASTER,r7a79IlaSWCX7Z1-zJqoX9bgaqrXIZvP83bRxqW9XE8hzVs,갔다 고요히,230,114,88,False,False,True,False
GRANDMASTER,XTFrc30nari61LPtxdsLYaL2PvKn65bIwCKDXTIu4izKouQ,졸려죽겠다진짜,239,224,198,False,False,False,False
GRANDMASTER,cdn8R-SNwYrQB465n2YRZjCUWE_IgpO3ouBpDNat1ZGDS04,heeseong,536,93,68,False,False,False,False
GRANDMASTER,r4rntSx2sKk0cuC_nVBTioziVVMBcod5Wi17WqcIig_fIz8,카이팅,295,138,123,False,False,False,False
GRANDMASTER,QMGUtPU7-N8D5zlBJneq0JmI3h1VeIGRNBB9AAA3j9t7EQ,IlIIlIlIllll,297,178,156,False,False,False,True
GRANDMASTER,70Gq9I4tL4Xtc96SdwNvAFeyBBRJZh1xTM9rfZKhlHFkIWXDz7iBguGz4A,wind1,358,185,147,True,False,False,True
GRANDMASTER,LYOBJRBb12u2qYXca_wnAHqcsccx5LqOtRdSvkcQApHfIPY,참이슬 마쎄,269,178,161,False,False,False,False
GRANDMASTER,i4d2hB-cfmhKFZE0ouExF9XzEt4AY-Ub80K41gaDSD1XDyw,LoveAsuna Foever,289,150,102,False,False,False,True
GRANDMASTER,GfBBYEolQkDY-9bQ6y1RlK3M4RW6CbIzI29M3cm8xZzwq0Y,Xin chao Cam on,238,132,122,False,False,True,False
GRANDMASTER,XfacnxKSyiTMuMGh_xUsUqyIcBfF3WBuW6IwGj0ReKQ_Bf0,Buccaneers Brady,240,229,175,False,False,True,False
GRANDMASTER,em09EAI1VH2nbNK_dXTHyiOq_Vwzv54JyMCPe0JsyrCBDNY,사이버예절,209,319,293,False,False,True,True
GRANDMASTER,AkyVtrfpjHq7HkSoC_2ISScVsA9_vFS58oorasObcbiPUv8,Mango Fish,219,89,86,False,False,False,False
GRANDMASTER,uDQLZdTeCKlN53y8prg3vKOrwJm5RY4HZDqHba5djWFkY_5n4in9JSAh3Q,mstyyds,230,267,248,False,False,False,False
GRANDMASTER,yHxxN5MfyGkN5yz8t4ISzQ8UZo46enySOUKKxPgULnRHys0,realion,204,265,241,False,False,True,False
GRANDMASTER,GF8o55VT6i21oSWJIvG9AAOBVlLRp0Yv0jgjbPoLIktkaPfnB0uErtRXuA,okggg,496,225,208,True,False,False,False
GRANDMASTER,FYj9RalB9Larsk8t9G5PhWsPSg95rxIKY935Q9XBkSumFg,크으으윽,240,145,123,False,False,True,False
GRANDMASTER,yX46SobAQcrmqAXS6yQymqDKuZyEgjdtNHcy-vWyR2YTuV0,zsdqdasdascxz,470,131,105,False,False,False,False
GRANDMASTER,NC_VhTNnFQH2znZHFCV72qolNlocT_G8YN4NRpYBwDLalseDE9Y7K3cb8g,akinin,286,196,170,False,False,False,False
GRANDMASTER,1tkyeIvbTJn6QipoaFKPuJlaPEW3UF8AZfB4EB19O2yVJU8,몰 도,429,194,152,True,False,False,False
GRANDMASTER,M9hRDxMSwHaotbMd4f0An-fZcEttphaSBcY3_4nUZX-jWNs,lvye23,353,422,384,False,False,True,True
GRANDMASTER,NP6kLmx6FGn3oxGD9fhMmcBtqTf8_7rtdvAtJU-V_sv7xFw,bakuraryou,478,188,161,False,False,True,False
GRANDMASTER,OWoeFz0kLWstdv21EuWpxXi-wYqKGZDss7BCSg8kJt7M8Ldwsb5IUV15Uw,제니퍼로페즈다,430,172,132,True,False,False,False
GRANDMASTER,QoA6mJsgtIUv4xdgoM3CnuoC0w0UuXZbQ4YLUR5SKnOgWVoZZJ_ZMJdL4Q,탑폭력 멈춰,289,107,89,True,False,False,False
GRANDMASTER,ZDnPOGmvuO7MS2gh6w3smcImrKVi1AIyHC4Qihch5ZQrNDrqDb9wfR1MOA,lxc0v0,424,92,52,False,False,True,False
GRANDMASTER,Lvs8BPllUHMN535AbTiqsUSafrr956004sMUF5oxqU1L_Ca6,강아지도 좋아,277,227,212,True,False,False,False
GRANDMASTER,jCxO-OVMq_XWPjVgAwgg0oNES0gCJPivUHE4yIYccnQQgLM,lch Liebe Sie,497,164,120,False,False,False,True
GRANDMASTER,-ti1W8rb5gF6xDyBFISnByXIWztF4nc5BQWX6YUrRE9pQFsr8WTKPnAIfg,No in Iove,306,133,99,False,False,True,False
GRANDMASTER,GuhxyHNzG-6ZVrFgbXcQz6zMYEDfJsyFoTFAqHrp_2d20w,PhasedKiller,526,136,104,False,False,False,True
GRANDMASTER,oJPb5r54SIYYyva6nayk4zHbQUZU3jHtWl3Lu8UWU7cxs9A,bietaiyayii,408,293,190,False,False,False,False
GRANDMASTER,8EJABtn1s1wm6b9gyHMa80whLe2ypQxeudYlUll-EWx1eBsW,합죽이가 됩씨다,390,89,64,False,False,True,False
GRANDMASTER,Lahf8aJdtOndJNXUHz1yGwJbQgwRRTeQQhNLzaECZ08z1os,ox year happy,226,318,282,False,False,False,False
GRANDMASTER,7iarHADujDKj3k4a4NVMNdgx22mO_EnGVH8BxO428ZrY728,TSYEH,279,429,417,False,False,True,False
GRANDMASTER,64JgSkyT7q1ROHONazDgzgLk-icI7cQgN8CyraC25vcUPDB1,bot game1,225,422,400,False,False,True,True
GRANDMASTER,lNmDfMgpgmYjLsoGXNY56y0nKhRXT9By6Xw-sOhwIy1WVWlmEQh2NTxHzA,영하 의 짐꾼,280,85,44,False,False,False,False
GRANDMASTER,4QSLLiDkEDBwMUTms7HOt6kEb6asoYTHTUT3hnZZjuUKZ6uY1OMNHncdYA,imD1pig,586,408,375,False,False,True,True
GRANDMASTER,2T_jyrGP1IjP_nBbD_I2eYt1atIxEzy_6clWoHUfGKv1TDc,이탈리야 전문점,214,171,156,False,False,True,True
GRANDMASTER,OH74HXURkeNymuDZmwYejSLkP1LlE9Q0XKV1hAqQvGzcpw,종달잉잉,293,321,282,False,False,True,True
GRANDMASTER,lNNznepb5uf5THc2yzBfWZQQ7P7vgzjJqtvjuiNQO0Xw7g,jihyuKK,213,202,158,False,False,True,True
GRANDMASTER,R0pDzLZ-aC4WAHve4BiZzHKd3Z3LtX_DedQGE0PH1yGjLiECh_00njxPsA,백 쿠,454,149,107,False,False,True,True
GRANDMASTER,4x3jtBp5PUyZBvDa0BgzaC1xhnbAtllyrJ3IomZMR2M_VSc,IIrrooGG,373,121,91,False,False,True,False
GRANDMASTER,BJZermuvfkr1sxfN9nn3MixfysTBgsnJnE-3v8TQy1UOZTk,마이티비어,300,47,25,False,False,True,False
GRANDMASTER,0c0glmSMX8Hea2dOMXXHzxWOdvT3fXQd6X-t4YjD0caNylM,돔 심,247,65,39,False,False,True,False
GRANDMASTER,ppZhDzyXI6QEYJn75gcdUluYwt-wfDkPaCKjNDV0NoGE3B8,아침저녁영양재,440,337,312,False,False,False,True
GRANDMASTER,wUc8DerY0h5H8gIKf5tZJx2yUBEfISkpw7QSpbBrwOZqA3I,TwitchTV 미궁,520,267,237,False,False,False,True
GRANDMASTER,mtMkd_NPA45WRmsGjT1YZ5sve-OPOvXL4bwAgc5dAL_cVSQ,잉용준1,470,226,201,False,False,False,False
GRANDMASTER,ZZbhfKw6fuHY6R9I5f3iZja3Ni5BprFKoEn2Z5FNj7dwwQ,초보강아지,499,184,157,True,False,False,False
GRANDMASTER,KY1o6oOce4zHzOUyqB-xM2-lrXscIPNf6ZhT-9ukpczZKWY,이겨주때요,197,288,224,False,False,True,False
GRANDMASTER,a0t1NVJ60w8DJ6UxdHrlwOtVgY_gC_njZp6LZRWhevABIcU,Liiv OnFleek,519,462,436,False,False,True,False
GRANDMASTER,rAuiobACD8INigaZTSGxvnpzlMvJNIwweyKhTrK0dTFPuMiIZwMFbWAOig,춘 람,213,123,80,False,False,True,False
GRANDMASTER,4tZn-ROAeq81e8ZHPTxdNAORgCgiTmCufUXr8ts3msLiioM,BRO Hena,475,373,354,False,False,True,False
GRANDMASTER,jNAOHj7OUXRiZNLavYGB3luqlSJIVrfqf2FJ_OSmSwNlQA_DLxcRUG-SrQ,Girasol17,463,503,461,True,False,False,False
GRANDMASTER,k2DcalSrupN0lu7CjwRLm0HIva9zprvcmpoSKoYQjVKcA0k,예인이 귀여워,317,190,160,False,False,False,False
GRANDMASTER,mf6IFv5PhtwmT3pkHvE2zfGGsCsykYbD3sgbfl9BXnCV7x86jIhAUfWTwQ,ZZZZZZero,316,70,38,False,False,True,False
GRANDMASTER,JuH3EyMr-YyVG_P04y65GTr5ENzF_USR-lCrb4J1Bz9q5g,대야웰백,266,194,176,False,False,False,True
GRANDMASTER,C-cRQKApT1oofnFGsx1X_3XfZvDUNHsFHTz-n_Bq3bfKpxA,Whisk,223,135,113,False,False,True,False
GRANDMASTER,0zT1MPmpausk5a7ZgTvXOXDFJkG42aMjHuvtegM3IICFiwE,Lucile,415,134,109,True,False,False,False
GRANDMASTER,ah4xOJEm1dVjmePyOoKyRO_O02wzHCgJCQAC1h2c8Yl7vOqyFdV_wJpEpg,빙의인간1,259,177,141,False,False,True,False
GRANDMASTER,-Bf0ot2MP4V-FZcMhL6D6R8JbAMLttUuqIX1wJqaDBJigw,Ze Solo,204,112,37,False,False,True,True
GRANDMASTER,YMlEyywcILgtXjpE0Re9He6fzwL5QmWlC9ibw9Je3gIZgbc,T1 Keria,523,175,156,True,False,False,False
GRANDMASTER,u8R9o1Dh-U7D7zcCAesonDwO_QGGwWon0pkcTFNptCgBcoo,우울할때또옹싸,313,192,177,False,False,True,False
GRANDMASTER,4l3ozJ2Y6f_H3zHQSDIgswCx7cs-s-JT9H-xICTeoEfMDJQQOD17gbKTwQ,SPOONKING,399,104,61,False,False,True,True
GRANDMASTER,E9DhV4dPCPN8KfOjqhwcY9Gu2V96uaFCcgwxwbm9uPq-QAHahqjz-c6Zzg,xiao dun shou,532,244,209,False,False,False,True
GRANDMASTER,68f0liHslIeUXneNubYYrkoe8_J0R1-ed0wQoUn0w6YMYlJATIjs0kjOVQ,zhishouzhetian,449,85,41,False,False,True,True
GRANDMASTER,fllHhhEQREjgHdy9Z52QfqBZv-wfZ2gXiYNPibLEWrItr1--,민글러,215,145,131,False,False,False,False
GRANDMASTER,4cZ0eHxxMsmS6ul9onxHXbRlESLmKzT_R5RHLSPkKzurO-KI,정흠이,184,605,574,True,False,False,False
GRANDMASTER,7lt8SoMc1Tm5jCGyD9F2THlgvH-j95zfMC2r-YHBeZpviiQ,11baby,441,160,140,False,False,False,False
GRANDMASTER,eOaBJ4mkEU5s0AEXqHPnJW0_aWK97HDbDQmiUItdsiXqTGyX,DK Lucid,268,359,334,False,False,False,False
GRANDMASTER,mKSzA4LL-VY0xLXboAWsiuH_FSwypBCXh9nZ5WYBTATM1eA,xxxxxxx1,312,264,217,False,False,True,False
GRANDMASTER,j_crw-2ivgv1FHRDD-Rm3qESKnTqTgMF5KrLzGsJsZvs7wE,Give a name,364,342,332,False,False,False,False
GRANDMASTER,UKv5g5ao78O-G1jhaRzz-lXazmd3TzVt_3DMXYA0oehREmk,참새크면비둘기,231,117,84,False,False,True,False
GRANDMASTER,sTQxYx-RIAyg16SJneBHUqP3XOg9DGeZ0o_3PEjvFAAgIAw,La Casa de PapeI,584,440,412,False,False,True,False
GRANDMASTER,00A4HchEymCZrAirPIDSY0Ou9j8ZYLIhcaQ6zj46f2meqzw,젠지 영재,399,220,203,False,False,False,False
GRANDMASTER,lF7l2YyvAOsvXRawyOkhHfC8TlbuKhoVHXPQ37P1UAOPqO4Z,불면증환자임,190,61,45,False,False,True,False
GRANDMASTER,_OKr8ftnkeQPchA3JlddFUa0_ZEYXpnA7ti1SaFFg9xQc1k,ACL Gyosoo,309,160,135,False,False,False,False
GRANDMASTER,8svYvpfwpXGcWi7EtxiKJVIUA8gPLHhz_xIHD7gqrJbqyNry,소년가장 원딜,360,92,79,False,False,True,False
GRANDMASTER,GQ7JoZEDEA3tna_UTqSvV5HQDRoAqg4nnMyPD1v3rMGTP54c4CrSgg-Sgg,T4ng,294,67,40,False,False,True,False
GRANDMASTER,CXMvKPPD3mHSCv-8zBS8kXSQL0L-UETbOd7DX2pGmeSTm9E,평택정글러,437,242,200,False,False,False,False
GRANDMASTER,H7So91Xi2lyKtJE7ezMRUko0ImMrsfe3-NAjq_oudfF_JM11ArO2wNPxiA,자신있으면덤벼라,209,57,27,False,False,True,True
GRANDMASTER,fn8dnhjTrDRc6lviAecnStfHk9n52ea0M9CB4bnTxC5NL_A,찹살떡말랑이,173,77,58,False,False,False,False
GRANDMASTER,kLn07x3bn4c9GgoSjp-B192vGtAN9OQKjH27N2q7jcB4Ng,Shadow2022,207,203,174,False,False,True,False
GRANDMASTER,mAqSQckgTfLgkZtjh3mLiIQGlPjRZHl9V-jnzBOeLOo6HyQ,엘 림,229,212,189,False,False,False,False
GRANDMASTER,ykFyv-64XEKj1MSxIkIXiGPQvUu8dhuF52BWxFsDL0RaHeepHgwkENaTpg,흑두룸이의 모험,250,154,115,False,False,True,False
GRANDMASTER,5zi6KqWd_g4jwlbPuOCpfE60p1uiW180CW1k8pRqDZROgIc,lose jug,425,152,118,False,False,True,False
GRANDMASTER,6cCWE2pL_cfGVbJJ_df6KM_0wnjun3g7b1MQJDiEBXz40ktt,그리운 김승호,257,90,74,False,False,False,False
GRANDMASTER,RkM4sf2lE1mpzmL3OY3KaEJAD4fZ9UUOVoQC1Yoa-TjsNyY,배까츄,357,124,100,False,False,False,False
GRANDMASTER,qQSTutUtl7Q3jPG-mXqWkIyjDb-s22yylqjNfDZRA_jp9HTgUMC8T0mXag,bai gei,364,102,76,False,False,False,False
GRANDMASTER,pvhY5J4a91aWgESohR9bjLXBMwaGr27ejbe_-85g9fA9t7o,꿍아가,227,332,314,False,False,True,False
GRANDMASTER,AWOg_KP3kF2un8O4TlO6W7iQQ7SbOVSkS58jSWoK3A8UEg,선택집중노력겸손,220,96,72,False,False,True,False
GRANDMASTER,3fBHPvA-_HjM7b6gWPwaIClnQ40_LesQusn4pSRCpWeEOg,성장방해하지마요,204,257,236,False,False,True,True
GRANDMASTER,pD-_N8V0WZRMm9Hklh3uO7Xhblp9wkOAZckr-xDWZpRNsjI046xDoxHGGA,IG 1749193239,470,250,206,False,False,True,False
GRANDMASTER,S-lqRYjUP1pPaPrzMOB9h7zR-Ka8ndV8FrFs9YhsMLv_luUKESsPsf-oHg,kai xin chao ren,206,227,202,False,False,True,False
GRANDMASTER,psSMDH4QGCjT3z_hxBWwbrwODp0eZOoTf5xb3HDc9T4IWis,zlszz,291,95,75,False,False,False,False
GRANDMASTER,EfGQR5F75aoPARDcwRRMinfDENt7fXtNCcUXXcJ5hzsO4xXVL3YC3FSjoA,05년생의피지컬,237,161,121,False,False,False,False
GRANDMASTER,zpdeEZuQarbw7mR8OzGmjFddwSrcRDexktZ6nnePCCOhXQ,파풀러,245,265,234,False,False,False,False
GRANDMASTER,yOcQiTbpGEOK0j9Wx6Zkzltz3lWtPTUUpFpzpopcnLRyxbA,델리델리델리빵,209,137,115,False,False,True,False
GRANDMASTER,lCzx6mtnZmDVdDeR68Pc6ggKMqZIbfBRdMaxLWRZIZXI9mk,weisenmoa,483,349,326,False,False,True,False
GRANDMASTER,I8YXGdJbNTwwJB7ZsBc3dDvy_o_HzLiCRNGgembwrxPGB38,BRO Jin0,480,299,274,False,False,True,False
GRANDMASTER,OM4VIhhaIsPoDMKSRDLQMbg7s3pLmnbyCBnEtuIURC18RD8,애들아시끄러워,210,356,343,False,False,True,False
GRANDMASTER,y0qcXdOSpcY2fzEI29bgHhWPkezoQ6QQ4tMGSeVaCf3bYe4Ez6_THSmeRg,IGzqx1749193239,205,156,130,False,False,False,False
GRANDMASTER,vlVLscOeQb8aiAXySVYaxzi135fxQsbz5M7JaSeu0KxxhlFAlmr1pZS99Q,What U Payin 4,277,167,131,True,False,False,False
GRANDMASTER,gcYKu_6gEv8t20EPLKkgaKWRXJWN0Q37d31QmYNdMSuZiox8eCu2wC-JBg,I need eyes,457,300,255,False,False,False,True
GRANDMASTER,P5rzMaoKfuCxYIvwNnoPXhtEMHQr_lCj4jG9IpJbhrRu7B0,FA BBakPyo,436,155,132,False,False,False,False
GRANDMASTER,nEjKBi7AjP7v7Xb0eogldx9SQ-dBgx1Zyj-K0CnTgdj2fZw,바보지만착한,228,307,288,False,False,False,False
GRANDMASTER,ZTeO1z0DluXdKJk-69ZEHNYETWztNhK1eTpCGJULogT6AODyjjbmQDUpxA,vixxx,351,83,60,False,False,False,False
GRANDMASTER,7Po7RrMP6-y26uC45UNTzaEq3XjSv4MFo2ZZxgGOUkMAicH6AeP7R63iCg,2023년이 올까,302,145,127,True,False,False,False
GRANDMASTER,-l_9NZUQGIWmJEEbk-tyP3-qb9WOMZA3D49ql4Qm79MuySk2tlcQnOz72Q,서성거리는개,369,157,137,False,False,False,False
GRANDMASTER,LKqwMmWFuEWMDuuRKNNI6wfEcutetuywxdJO_Vai9UdLgMoc,Fox B Mg,236,475,450,False,False,True,False
GRANDMASTER,j53TQQFZ7HN1TYGvz-NRAJ7AV18rlpjScpWU6ujxDPUE6F2Mw7GlYFkQ4g,xue yue feng hua,535,445,367,False,False,True,False
GRANDMASTER,meSvd87hjUNAl6y_qt8gHWXEMVfJLTosnbmJ-yWkV9luf8q_,황혼 우주 자야,345,160,133,True,False,False,False
GRANDMASTER,IKq2aXf--iPZNmnZKEgsKEeiIsdMvskRER-NBxyy8hKDInw,uluvz,230,260,235,False,False,True,True
GRANDMASTER,2i5Y40GzpENYX315em172UnM2o12WquRLAwer_E5DSN3ucY,체리제과,245,123,95,False,False,False,False
GRANDMASTER,mIOZFOl6CqXNQeGb94jtqomn6acYYrLlXI8-X-O_LIrwNRI,SPG LeeBoom,264,276,252,False,False,False,False
GRANDMASTER,8ejztOQ15tfwuMPkusHXGip3TmgXLIzsgHyPPWYs15Q0LbI,EIderwood Azir,268,189,170,False,False,True,False
GRANDMASTER,Qds9da4SoDa9aKVQ-37v8KbAv7K7a1Gxcjyoz4ATc31Nnjo,나는 준일하다,293,134,106,False,False,True,False
GRANDMASTER,4H80C393p3qSli9iQull8j2HeFSCkbUsvmLoBecXmWNSRVc,UDT김EGG,306,65,35,False,False,False,False
GRANDMASTER,BGs8Iv9OtP7vUHuAlCIhqwUBy5XEov5F3MS60n37r_Ctscs,Gaojianguo,234,315,298,False,False,False,False
GRANDMASTER,Hfln170R70AwwM9jimCF7PzM3h-3BEcPH_gceCtt_Im34q_v,caVik,214,119,101,False,False,False,False
GRANDMASTER,yBylT0HybWdF6hrkf7nBOOEhxqeSQHY02nawan7QeovZIsY,뜨밤은 챌린져,432,76,62,False,False,False,False
GRANDMASTER,U-3DniAbuFeJ2cKfppkhov3wi4xEjmjXwt2LxtAD53pp9Kg,CrazzyCat11,205,228,214,False,False,True,False
GRANDMASTER,4xxx0_AekiTldC09APoxU2xbeqGaLuGTom8rBmOz4ZEkKg,오복아 오복아,302,329,311,False,False,False,True
GRANDMASTER,kf3AIi1nXEF1iotParrzHzKgR_xowGSaU_neo_ZXfv1zgOJKz8OZ-xdlnQ,Skinny Brown7,329,188,136,True,False,False,False
GRANDMASTER,U4s3spFgf8DX4NG0r3i4JIMxijAxPvut7d-pVhw0rjtWqGBs,DRX Piero,415,394,366,True,False,False,True
GRANDMASTER,EM3-sD7uR1kMbSedNoW-qQom6NNLX8YBDdvgZMG3BORNA98,원딜아로밍감버텨,266,289,256,False,False,False,True
GRANDMASTER,aKzaRLAtrtjX-jYliOsoay1xiexm1IJ05kBoWcdcCT40M2s,Shadow Swamp,479,334,295,True,False,False,False
GRANDMASTER,4VgwMRuepwDHsRFVx0q0vIzOR3Xa3EfYe2EG2f7zXwgkUwbSwJ4FpEZl0w,Kim Darius,324,202,152,True,False,False,False
GRANDMASTER,dkzIGCOJNDN8UCneHB3rsZboXQa3Z43b3X8i7uSBqjahVIp6JI2eoTm-wQ,kuailexingqiu,297,347,307,False,False,True,False
GRANDMASTER,44qBm-wdevm7vIRZEPj57P70GDVuBy4TisAheupuyrPG7sVel5gdy4SFAw,못할수도있지 너네는 항상잘하니,225,74,39,False,False,True,False
GRANDMASTER,HgqU2JYoulE2SC_AviFVEgjNffqU63rO05ulhnTn_M-IqTI,한번죽않,353,332,319,True,False,False,False
GRANDMASTER,jVT5OFMfY4it6vGQ7uy7S9XxHxG0Df2qrshUG-cQIq0P2RDS0vPhBROlrg,GrandmasterPIG,425,228,195,False,False,False,False
GRANDMASTER,v7Mw_eXbmCbwGbKYo83HEjxEfDE-sYuQBVgctO1WTl4_Ejk,Zaovvunongren,249,66,56,False,False,False,False
GRANDMASTER,-MNXMT-T1S7Rz2gcdEMTm76t7AJuymuv77k3do6HIzCO2-w,wannabe rookie,274,72,55,False,False,True,False
GRANDMASTER,svg9eWdcSud4-oLE1PDvCse-bcceO4WqgYA06mqcaxVdJJM,다섯 개의 가면,433,383,355,True,False,False,True
GRANDMASTER,_p1CRtUw0klYPA7GUgT5zlxNwLpbvHzoUN-vztqidvI6kDg,박 구 원,275,214,148,False,False,True,True
GRANDMASTER,QMTAHSzYvuH-ot69Q1ltVeeubxWp4tFd0vC4xqoJqmIJUWxXtQd7snFifA,qwty98k,162,114,76,False,False,True,False
GRANDMASTER,Ki-RZkiEWNrWbfg_tqUbLICYdJfcQ0i9IbKLeqqqdhZePw,착하게살기 1일차,265,98,73,False,False,False,True
GRANDMASTER,27A-5bO2n6-c6ErPRvreidmFRrrWVAPkxwcr36wjqMQ157Pg,EDG Deft 팬,295,270,236,True,False,False,False
GRANDMASTER,waMoHZ05As0rTM9KmfgsfSRrjAafOYuV9Z43Y4UPbp9bcmU,한봄1,239,78,60,False,False,True,False
GRANDMASTER,vZFl6VTEoqytMXZeaYXXwtdrdBGDhX_zTxNlIu-orlqDuEw,Fanch,419,274,262,True,False,False,False
GRANDMASTER,YHo3-uvdmwfiBjioZllC-AkqLht_fbgrcD1imFXPvbEOtho,Deadly,214,271,246,False,False,False,True
GRANDMASTER,p-QYzNNT5v4Xw2MAkTZdEbcI5c_Q90uv3m15rU1RV-jOtv4,OHwiN,294,189,160,False,False,False,False
GRANDMASTER,81ESzSi3CfBqgG3-_BKI9LYERg_iwM2ludNb214S0XziTfk,로제 박채영,254,143,118,False,False,True,False
GRANDMASTER,vb-jsONZ8FkCsVgORIW_7x9J5mFimgi3Vw4EP73FlRAgVn0,누가이기나해보자,214,402,384,True,False,False,False
GRANDMASTER,hh2m0EsmHIgj47vvwdYn6n7ACUbl4wb0b57fJTJc5icVOhA,black linfeng,273,505,490,True,False,False,False
GRANDMASTER,pnRbC28lHqtodjV6j5dpSOCZAV8X56Am24ko1BibbkrmUDE,zxczvzxcvxczxz,217,208,197,False,False,True,True
GRANDMASTER,Htryxk8ZFu2Ye2sDx3vXcOvPcjqtse7Ev8FyoyWfRZAyfew,twitch동완 안봉,244,259,246,True,False,False,False
GRANDMASTER,Rhv7_BDZxZm4wLsaOmFiMaVp7jdLSApkj2E65-wi11dX-jY,이도류,457,115,96,False,False,False,False
GRANDMASTER,vOPiC52BUyD91Noe3ETdQZniju5Rz4iPfDZ6kddLDvIBYLE,날씨죽이네,279,370,348,False,False,True,False
GRANDMASTER,rsrEG0qaqRpK5CvDs-uSfyKUuLbTQveJbQvrDZL8V017E6B20dc0BVq1SQ,saudade,414,124,86,False,False,False,False
GRANDMASTER,d6dugfokcJ5nsMtsAEoIV0Z5YoIGRO8oOXq8iEjBIkHy7yebcg9j5eZGhA,hope1,454,220,199,False,False,True,True
GRANDMASTER,yjqQ--2XOR82l4rHd9Xe2LokAd4z49Ef9G9ABTiHkzklNt0,초가스충이,257,170,129,False,False,False,False
GRANDMASTER,rceQ4WiXfic4gvVWC9aJF2kdlYsl4Mx2N1nj9Mf9ouh3_qVO,최기명,423,110,96,False,False,False,False
GRANDMASTER,lZ8crHJmk5IpZMpTg0QekH5ElMIjOqBs5AZb1Y-3Y4Y8k_BavBDUKKbMxA,FYSYWH,277,163,108,False,False,True,False
GRANDMASTER,CiLoEiRRUfw6fTKoYJJABubGUcqFdqi1vGJFRQ0Iv-jkEX0,Verit4s,423,347,318,False,False,False,False
GRANDMASTER,QhvGaEMOJowuHAxLw6yN1aX_80lNa_BoYjd-EdhWdjDc7wU,정글싫어미드좋아,224,196,67,False,False,False,True
GRANDMASTER,bINUE34o4NUllg6ycFxNGWGLiJ5hKbTC8NtasmkOwJId0g,Jihwan97,213,101,80,False,False,False,False
GRANDMASTER,0RMBqxRF5T8oUZLToREi5Cv9g4WuOafsKiYlhBWxD6-HITE,흰 개의 검은 혼,239,282,271,False,False,False,False
GRANDMASTER,4y7qyLEV2PmYcO1lLFSeNLTnaheDDaqPOPjmh-ZgX53DadE0i6Ap88fCvA,전부다시만들다,572,198,141,True,False,False,False
GRANDMASTER,IVj5DPt8-QfYppb-7YySJN8FkCBu4ZTdDCSymy7UET85hA,asdashgawas,564,133,111,True,False,False,False
GRANDMASTER,MGzad_-6normtIy0maRWiAb1w3WYXjgdNYeP67vGez9aNJzqE3dlYvWVlg,누구세요3,492,235,195,False,False,True,False
GRANDMASTER,YY4ozW5yn_Aebdnz-pH09OeZJ8aXjIAvRObJN49fCipOTo1_E7KR2VidBQ,사이버도니언,517,159,105,False,False,False,False
GRANDMASTER,wCGhaFHpWABloqyOlBuWUNHYgY7F0TpGIFbCP8exBDaQXCBr,감자튀김먹기,268,72,47,False,False,False,False
GRANDMASTER,3IvrS0Rl5hK3N2v084RpLQKYeiA_5xjbd7SAaVjse7hMuA,요플래,270,221,204,True,False,False,False
GRANDMASTER,t7ppFjnhcqQx0pU4SDkXmQ6Ex8ZIQYcTvHAAgHz4TUEcBw,므라기,223,104,87,False,False,True,True
GRANDMASTER,ZQjUdSStIxZ87dEdmSqzXb3ZrQJ3GMidoZfuMboPJB1TJnA,나한테만,206,289,273,False,False,False,False
GRANDMASTER,wCr070_6S19N1hfsWLywwReY0JbtudQUYXAOgT44aJFb2yo,읽씹맨,234,193,178,False,False,False,False
GRANDMASTER,ewoQHwh1zyfXfPeXIHHyWvvbO4K4jymNuRfyRo4xgMJ9IMrasIJfcHO8sA,홍광이,322,122,80,False,False,False,False
GRANDMASTER,TgFmr78YgABy1_HilsHGnqgpiNNkCGr6vs4eADze0DBXP-I,lin shu hao,323,219,203,False,False,False,False
GRANDMASTER,egXlSQlMMABdudUSmeewBDiyaCB8eIL17cuSw89UmkrzSC0,chuanpancidehuli,415,173,153,True,False,False,False
GRANDMASTER,cYFVDh9F2E5AlZVz3rAm-l30dW0OfZi1m8X8EBMEpjkt3wA,우민2,223,53,37,False,False,True,True
GRANDMASTER,gD3kEXWqzW7blDZnZCZ0my3XKKjwWx3R8fUmgvKnNYMjf4U,좀비 클레드,468,596,561,True,False,True,False
GRANDMASTER,4iBbr6vwJz72imZBzbu5Yf5_K-98ZAPx1CFidWjvbL5SzU1d0pO5bjn7aQ,zika1,424,163,118,True,False,False,False
GRANDMASTER,zVqEQFLBmicZadYtSribR07sR4HwUBWljwGpASk1AOMlwBg,Savage,246,515,486,False,False,False,False
GRANDMASTER,YmleQPnv5cMarMGKtPRBjpcC_hm2vE_pIK5ruZXb7NZ5iBMHaxKs8jdz5A,Aomine Daik1,409,357,322,False,False,True,True
GRANDMASTER,xZtyAKmVibKngYaME4Kd68KQ-MHdtAnWSVu-YDLWYH3IIVfG,Pullbae,327,186,162,True,False,False,False
GRANDMASTER,zjBFd6_IKF84zw9EGTS-6KW-_bxKafEYbBssxq2tc_Yw3SU,1236549863465456,302,412,395,True,False,False,False
GRANDMASTER,_s-NXrpHDtoj56OVvmsXOKeWCHx5qUSFYmRC8QjieVwp069mjSnprhTDLA,Azhi OuO,421,243,214,False,False,False,False
GRANDMASTER,qtjIeumLSn09zYLcqDT6VhO4ynByulNG4Qi4ETvbnaGqgdQ,똥과니,219,127,103,False,False,True,False
GRANDMASTER,1ziFBb_r8Iij9VYevLAJTmVkfViWwjicrJ6U2UJGD0lBmj9UwfsLPNRaaw,Sadending1,226,102,63,False,False,True,True
GRANDMASTER,Hlo-gcv7exHER1sXdlmGtcblHNcsOXaUkosa1kSnn6oXqqrdApVO91M2tQ,asdsdghhh,382,120,90,False,False,False,False
GRANDMASTER,o3f8TbFLkKrSLTsvNVFGimkXKMrooxlEAook1GoWLYFdTcM,쌍둥이그림자모험,427,197,173,True,False,False,False
GRANDMASTER,JwNLofz1ZpIVW15WofVV_fbtCyOW5_eBafpefUc_QIEP50M,핑으로만대화하기,303,293,283,False,False,True,False
GRANDMASTER,_xxjf0dCOdN7rLS8B5UjexA8wLh0CBDtNWYX29lzVtYwAlA,점심저녁야식,306,169,164,False,False,False,False
GRANDMASTER,xIW6aqKU6HiGGyqZgh_AhER0w1olJP1MTyUIR_UcRfZDilE,응물어봤어,306,129,99,False,False,True,False
GRANDMASTER,zJ9o_GOnxN4P1VqHkPdDY4lqdHncMRNZ-O3hUwi3F-_eQXd8Uocw4V_6Xw,aa11a,404,101,75,False,False,False,False
GRANDMASTER,nvefnocnJQU-67z_vYk_JKUOZa-gT576LFEmWTjUIQF_Eg,Holic Jayce,305,317,300,False,False,False,False
GRANDMASTER,WleqnbbujlJDPbSR8Oz7X5qOKYKZoLzSdwEcTJY2QkFm7IVIOMXMljkJPg,lonely Snorlax,207,207,171,False,False,False,False
GRANDMASTER,Kzansrr8jhzBH8RW4ju7x8MJkUDi1L075IVddp9C-qWHWkI,문익점후손문건희,377,82,58,False,False,False,False
GRANDMASTER,m1cMyVcuQP17OlfKM0-EsGCSECCTZamCnWoJ7Sqz8MAI9sY,도천지,259,306,279,False,False,False,False
GRANDMASTER,nbLY4oV5H6rYvTeci2avbApmSh5DtbtVITBUrZNP6ccRbAw,krats aira,297,220,222,True,False,False,False
GRANDMASTER,OueHfPnJTalTiPD-IaMnePnRhZA-2bowfAVKoqviD139IKc,Ent is angry,288,191,147,False,False,False,True
GRANDMASTER,u_v_VP4GI1zqPdcRw_cOxFNc93pgvrVDXRNuYoFVGJzJ-Cs,roseeee,299,300,245,False,False,True,False
GRANDMASTER,19RPrArlG-PA543Fg_lg5fZ-ePbj2txM7pj7IThJ6yuXVTU,wjdrmftnfusdyd,245,381,360,False,False,True,False
GRANDMASTER,UUJ793pH_97GbvVu64K6HCDgetW7RG1seXqwuuG0Conk3dlmsu5PrrbQpQ,다정한게 전부,253,74,55,False,False,False,False
GRANDMASTER,0bzozEVQ1Img7_U8uHuUd1iDX3surIaQLlVzpnoIeULZgA,바보상단 이현,489,324,308,False,False,True,False
GRANDMASTER,C-3S_E_JCx33d2FU0IXpZoWdOHxBbwzVq2mjKv_NnqEudqo,Gen G JJANG,476,288,243,True,False,False,True
GRANDMASTER,3ywtEDxkERjxSWJV3Fwa-NqCGNlIWA0f87dBwDY2JyB-lMI,Clever7,403,263,232,False,False,True,False
GRANDMASTER,SqLHHOwCPFf6ROFGGzVh9X4SKhXZNH2Zn14ngjLHQ8hnPl-7pv42aF0qww,a tu casa,334,122,89,False,False,True,False
GRANDMASTER,3W03hVosPqtwnsBWpwj1rwMO2L05dogoNO5W62a1kOs1eTQ,처피뱅 카와이,272,373,332,True,False,False,False
GRANDMASTER,nX-Eu6GGCIPr2Ha1sxTh_7nPQudBEY0jz4NWfwocFitDVA,Gen G TalRuler,203,79,59,False,False,False,False
GRANDMASTER,P8-iqWqFpHUYcM37-F1VBnH0sPDmS7uUeB4aXp_C4yG1gaY,블루리쉬잘해요,412,369,341,False,False,False,False
GRANDMASTER,2E65cwuEwwKbUdlcEmp9H09WDczuqUN3BOfufDjNIwy5BPs,예쁘고착한말,425,273,223,False,False,True,False
GRANDMASTER,TieIlyrRjs3fWG6TFWDuoYDVBUzmrrT8X2UUiooJbvdOjFQ,송제우,209,471,460,False,False,True,False
GRANDMASTER,vChFuxygtF3pFTWBICJ64MiimPQ7sKZTQNPjkPB4MJb-R_LWNplYmDbgtQ,stxi,415,135,93,True,False,False,True
GRANDMASTER,5fUR7AeKOtaJ1PyOYRcJbCzgxt2Asrgd298PG6qkUHmbNl8,삡 스,416,188,172,False,False,True,True
GRANDMASTER,CdlzW8u1_PZUe1J4lrZEaN5OuMhx7PQN93dFKgYeiad-0RQENTSfZIhM6Q,cute sy,406,267,219,False,False,True,False
GRANDMASTER,4EgxuL9zwh4cU_1ywjTIkgOAKp9wunIke8KHx7Ns8E3guw,SiDE xX,232,118,109,False,False,False,False
GRANDMASTER,iYQFNLEBc0Em5cAdKomVmmTM_sRITcPHIawlEApd8tM6mig,광명불꽃턱,458,264,239,False,False,False,False
GRANDMASTER,8SSSIYc4NaE9NoNEh2N-m2qIGjtk6K-kk7NUdsOd6UASwA,arrowIoI,506,399,374,True,False,False,False
GRANDMASTER,_tTlU2Kdomki6KTN7EOgl0ZHJ7uN0xXNL4ewQXSDH9Bya1s,살기를 감지하자,240,173,148,False,False,False,False
GRANDMASTER,lwv8P30PzWITfDJWhRq0DjhPFpYjWWwhv9OLOmz_xRIZULPZbQffXNxTiw,신승수,443,172,145,False,False,False,False
GRANDMASTER,IO9yl2nXPzTEUAyichAYLso_ogKFzsjADzQJ2TjbD6ZNKoc,전홍석천,291,376,348,False,False,True,False
GRANDMASTER,kj7soeYb0WVxkE3jk-L11A4ikJ7UDBwRWlZRXmYKkXFoduw,예쁘게 말해줘여,217,136,118,False,False,False,False
GRANDMASTER,3Ggr-gJJKbvX80Agj6Bq0VIUiBGUnIjenLeGvbq3pW3M-9c,오늘도 고생했어1,368,295,270,True,False,False,False
GRANDMASTER,mzuyf94X49Cs-sa08vWjDkYoUd6x2k5qlU6tY1FnPHU3qRZFTYkI0HjNXA,시간이 이상해요,480,114,86,False,False,True,False
GRANDMASTER,tizGjSZvwhLUvcPCZE7iHK01AGL6Rf4gpvO35MKkRP4j8Wc,망원형 개조 원딜,451,102,74,True,False,False,False
GRANDMASTER,aTeMjm72zKq8WOcGvStFfiv9SeKNnj961gsl5smfmt5lkjY,응애형탑솔러,283,407,386,False,False,False,True
GRANDMASTER,jHAF6xxEZsVlFKNhLakAHmxhOv6Ibr53Qwez3-Ya-GqsGeg,도태한남박종찬,270,51,36,False,False,False,False
GRANDMASTER,fmM33fyIU9RBlmHpb4Vpv6w831Fw4dfiZdtAqrxLKUky4lQ,jiamian,540,286,260,False,False,True,False
GRANDMASTER,XVp8RsW3CVUJLGMSQ_-0U9mJh61egvLmpJ9rLlaU_NJ_epajBMF7TNBDsg,제가이길게요,206,155,123,True,False,False,False
GRANDMASTER,qL2q6tpbEjUjd4LSk9MTFXTMQ9STU6PqVFbtHlUD9bjB-2o,너 가는 길이,530,169,143,False,False,False,False
GRANDMASTER,JOzNZ0oYeBM16Kd6rYPeel_-Gdkvq41-pl6QqBi8S9dPWrg,상산군 조자룡,327,149,134,True,False,False,False
GRANDMASTER,NgB_9BPcyz8o1R2bXa-NttiJQXAYhY_DW3qT07NUESkiZfU,률 qiang,507,108,63,False,False,True,False
GRANDMASTER,kBlf20xK1QwiXKsKidycVdGSAkylWaJZhzVFZszCdhKCEPE,각오하고 덤벼라,220,211,194,True,False,False,False
GRANDMASTER,U4YUhxwqPIPiW2uwk-vwrL1mL4gbrBKya6URYiFocPaaoj4,니생각중이야,423,367,325,False,False,True,False
GRANDMASTER,Ai-4SkJjf2T0Dh0fKy3o6CO02hXUEColKXoP-NJLxyfPLg,DamGi,254,125,108,False,False,False,True
GRANDMASTER,X3nCItNwjW2i-Lq5IP5saCfcDLWKon1p5NRvhVaZTFvqEQI,05 shen,539,80,48,False,False,False,False
GRANDMASTER,O9fqZQK01u8elDTmBxemKha7dAfin6wN1VxFzPlrihcO-Y33,현무우 ,341,254,234,False,False,False,False
GRANDMASTER,-saqRqPjv2Ett3kf2LOGQ9lO5NlOBSOeEQz93yAey9TOhg,Wilder 아데산야,296,396,378,True,False,False,False
GRANDMASTER,cOJfjqjRZl_cW2KcG21juOyTxVr8DTAPbYYW2egs2YEX9Dk,기억을 찾는 소녀,438,356,328,False,False,False,False
GRANDMASTER,_dPOh5PK4OcbqGpVPOTLw3LUyyKcpdUd0ZIpPAiOraJM4Cs,학고참,258,147,117,False,False,True,False
GRANDMASTER,XT2nsZLoWz0insKgXUjEhzanhRB5Pvo_P9AMTZ19CTJ5Xj0,뽀삐 정글 원챔,327,212,183,True,False,False,False
GRANDMASTER,lZgPB29f-CYcSqNcCuUXG8Xf6KF7NNsuChG-SMZ3gpDFBk1HG8jzOLZdsg,YSY2,247,313,268,True,False,False,False
GRANDMASTER,PQP1RSsSA5UcGdKYOCrVBq8L05-pTomk2845mwIuU8YNPu4,Alsong,279,82,48,False,False,False,False
GRANDMASTER,Hgax0JEq0DqY5Qd0suciOi3aHTCr_NKaclr1VLXtgrBjARSMNv2zcbV2kw,xiaofengniao,208,267,217,False,False,True,True
GRANDMASTER,JistJPJeype-OvPQvXcNjmrv3Okam_p8sYs6J6Y5dMA5V9c,승승웅,299,120,83,False,False,False,True
GRANDMASTER,kFzzhgFLG8109CqZZqT367Hkmk_wckML__hRebFOgnYOrnU,Gen G Khael,538,158,141,False,False,False,False
GRANDMASTER,QGYLAwQHUFXHbEkGBZAgcOwRID0YTadRk9udEaPS-i1VX89IKbJeKCjSlQ,g8g8g8g8g8g8g8,240,170,130,False,False,True,False
GRANDMASTER,v_qFzLd2ixLfzYdRzpnP9QvijfzesILdwolIoThVUM__Kxw,276뿡빵이158,207,125,104,False,False,True,True
GRANDMASTER,5bsMikP4oAIhFu_gYQYzT971RgSu9aufDbxHdKOHLXUtAeo,하인즈,213,224,211,False,False,False,False
GRANDMASTER,-s8C1AuK6wHPaeXw5ujMGdxb99-0MEmKEAjcSeqIXvNhVMM,3데스이하로하기,233,132,117,False,False,True,False
GRANDMASTER,wIG2LqAPxuIGorf1Stwmls3vF_OrHXHHzgJibNLzLar-KhLi,봄 벚꽃이 핀다,208,273,242,False,False,True,False
GRANDMASTER,bBTdaB_KijGIASjuhRNyhSw5pAgKKrbW25RRmQi7mPSoEg,PMD91,264,214,201,True,False,False,False
GRANDMASTER,5XCbJ5jdGSIqCipRMkeIIc0KxWUhdkrrQBHqPVGsN0Oxu7Dw,와르르와르르맨션,206,223,188,False,False,True,True
GRANDMASTER,alZX6hZg4Qqj396S1iRLMpBHFmZKGusD6yAJr0Ksu5n3bVmj,우리형클템,284,275,233,False,False,True,True
GRANDMASTER,QbNQFWxJVexjlVGt1J2De3ngy6vWADkXVuvT5K6k3dsCrAoEX3qds2knkA,qiqiguaiguai,427,74,40,False,False,True,True
GRANDMASTER,wdWJn44A22AK442IZbKNF0yAe_LLsTsbtmSkLbAY7WvoIkY,hfgg,212,84,57,False,False,True,True
GRANDMASTER,KYfHmbzaliWM0aib3YF5B6OC4iq0TdwBVJHxx6Jq1k0YVk0u,EDGY Ab0uT,216,267,253,False,False,False,False
GRANDMASTER,eCBblwZ4k4tbxUg248B5hMRQsRqcgOhWHHN7JlzplDKNN2HKRf7O_51Opg,무야호랭2,512,68,31,False,False,True,False
GRANDMASTER,AkGmvwpgZrwL4aJPs5eZsARAnp86lZQmWot34nR7jiESUY3C,Irisado,241,191,175,False,False,True,False
GRANDMASTER,Dequs1GpVD7XxY1eiz24yu4KcEM40qB6S-nVEg6qbHBizfQ,발전이필요한사람,212,107,84,False,False,False,False
GRANDMASTER,0LmGtT4_pB-ZdALNHBzyGCJE8LQiaEtdnuZ1yCce-GnIOA,DaHuNGoD,203,205,187,False,False,True,True
GRANDMASTER,MiSJJo0YZ8l_b7G5z5R9yIZnYfJrwcBDuPd7qv_1OxtCV5U,BRO Gamin,549,184,140,False,False,True,False
GRANDMASTER,GgpxiMGYrHiQW5J9vNVBeJp_7-1uBAH5l6sS9-vAUVrgYic,zodls,203,62,43,False,False,False,False
GRANDMASTER,5BBqjFzH2_wiQP31nkOBv4K3MvHGcPuVpToUF5zFEb4uZ2iW7TjWklOkeg,wojiaopangchou,448,278,229,False,False,True,False
GRANDMASTER,ss4tFeaPGwBGK0GYPJelZjHibX8mCYTerGARf8QTCiQTZcEEbyTH-d6BFQ,어린 천재,465,165,130,False,False,True,False
GRANDMASTER,TjdpF7ZcqhcdU7_z635BWaC8jXBCPeAkcRfWVVrdfiD_6vv7WRPu67fuCQ,해마다2,232,84,46,False,False,True,False
GRANDMASTER,h9qgbqheDwfcDGZBjWL-MZHSp00tKZ0WEiFWYX9Lroz3rhQ,Fox B Sloth,254,107,79,False,False,False,True
GRANDMASTER,s4rJBqdar1AoGo2RtSdbPiXM1XYOqxohfN1EQSEI_qlsy88,gasagao,489,361,320,False,False,True,False
GRANDMASTER,Gz75NCf4WQRfeJQXNGVOWLISuBsfCQCfc2BBkFcDobbNAWA,클린아이디,568,252,183,False,False,True,False
GRANDMASTER,a9LNRTBEBU2uUA44tSwIpOK49b09mlzjg3XHo93A4nd1yQ,자메이카흑인,309,306,279,True,False,False,False
GRANDMASTER,AeRfBa43Z7vdp_h1HpU03g9nOCZqrHO6cWiNr3ofxYygqA,복슬복슬겨드랑이,342,181,155,False,False,False,False
GRANDMASTER,mvwUg5SvPuA0mmYSu-jy4IK4lHC-yK3F4bvoy3qOw2dkpwSX,bao bao xu xu,356,166,127,False,False,False,False
GRANDMASTER,7x-xJXjxMvceDiEncphvfBVpRODqklsYasTDy3IzSCk6tvM,협곡의 지단,308,434,402,False,False,True,True
GRANDMASTER,1eZn0rfDZPtMOslwcW3ybUqZFUdLa68NOxEJ0rTXUbzA8UmFgBmbSZK1bg,lovesailormoon,479,166,150,False,False,False,False
GRANDMASTER,5HVEx523nIz6WxPqtYN9SmO10-9M0AcfBVWspP63M7K9Zes,쉔글벙글,245,174,163,False,False,True,False
GRANDMASTER,L9sRfI_Q58aqEmHmfQMsnoY3E992WnEvMZEX3aI8N32D2kM,BUXI,411,241,212,False,False,False,True
GRANDMASTER,-IqL20fGpApx8btigX-sEZ5suoHVONC8ktlPaUeh0Daqv4A-,EMENES,305,111,84,False,False,False,False
GRANDMASTER,7CM7mN05P__5uoyrezBeZlNgKUyofxFVkDNkV-2HEFGHgPtBtUEWhpFmDA,zyq1,449,230,173,True,False,False,False
GRANDMASTER,EZi0rZhdD1YpxteJ31rakGuOS49NqSR_UfGmYUgxqkssaQ,언니우기,431,294,273,True,False,False,False
GRANDMASTER,rlzhU9mvFGa3Uu-Gh460H4JE5z7i4TOhCqR9eyk67_4b3M8,LGD ADC,548,175,149,False,False,True,False
GRANDMASTER,Hh5Uy5hEppiImYVz3dZX1rthKt0vhAup1d_tRJxp-qWufQ,GlVE ME SUP,456,131,103,False,False,False,False
GRANDMASTER,ROzIBHvvgvZmpCcyY-g1HZMZT1awTn3JZhoAyrU1PbkarA4,커피빈아메리카노,354,365,347,True,False,False,False
GRANDMASTER,4-IwVqyy5OewIyo8iBi-GtZ7lyw29L1_U5aZCjHPpQObRsI,impupupu,314,235,219,True,False,False,False
GRANDMASTER,KVeOYq4YAsbYbH4jz6HOauDgp4NU0MnjwsgerIgyHgYYZLQ,18lv ebi,245,136,121,False,False,True,False
GRANDMASTER,BerWtkHi2oQGi3ewQuGBj7jNbzMVzfaBS649g68URAGRPPPy,Bey0nd me,269,246,223,False,False,False,False
GRANDMASTER,_pTGe81NJSz3XLqXU4zTvkkFII22lgklzfqZXL8qqC82_AU,레벨업코치 기범,483,272,246,False,False,False,False
GRANDMASTER,fP5Vs09mT887e7sMVWKgc14H8njRCXzj4-n7XW22qJivVZA,sa xi bu li dana,378,131,117,True,False,False,True
GRANDMASTER,AinAeM6cpVAPf9-gJE9x5lKm5Ury94AB1xeKvB8OgWuQcWVeeqA6ElLxkg,zhuwhy,299,175,131,True,False,False,False
GRANDMASTER,kol8K7FKOnrT26gz0UOYVvTpCOt_bxqCsMRw8_o4_B8syTfq,Volle Hoffnung,216,294,251,False,False,True,False
GRANDMASTER,yTRqUH558NVQxNjtFdx8O50AXxSieQOkNY-zC3IxUg0fMzk,Liiv Rave,276,396,363,False,False,True,True
GRANDMASTER,81gJqhRRKUmPhu4cX4-QxqpMtRU3V6-rb6ItZ89AdmmStDg,zzzusss,417,136,116,False,False,False,False
GRANDMASTER,YLMH36sHgpPUYRD2sRbuQdcEgAiwewisoguf2k8ax6dVGq8u0Q7chHU2Xw,QvvvwvvvQ,394,290,242,False,False,False,False
GRANDMASTER,XxjVwRG25xVIDvfa30I_F1Xwl4b7ieospiLgMYQRxIV2c9o,테디 추종자1,204,128,84,False,False,True,True
GRANDMASTER,i0NApXO5fHcAGPnixDjQjlhOIutFDhafh4mCuVwiCzgYQqI,연탄백설,244,68,51,False,False,False,False
GRANDMASTER,DuAf_3roXvV-dMWv3lVtuXmeBlWSX5xDeLULL8GNPl5Hfmhr7LOBtWqzsg,DYUTHH SIMA,308,414,368,False,False,True,True
GRANDMASTER,ejrHmKS2i0_o-ZGCJV-Fl9KS-AvUcXvmmBgsIbJcambx1fw,쭌 베,420,397,380,True,False,False,False
GRANDMASTER,nq2pbaGQO9e7URCdFMgc8nl-Bcip-r2zM_a2ozAKDK-VMZI,Zdz1,445,326,297,False,False,True,True
GRANDMASTER,drdNfHCRohhu7Ro2PKENpwm0W4da-oSWszzndboxGFbGAQ,WinDei9,453,95,67,False,False,True,False
GRANDMASTER,UGtUQK45qL3d5usd1wKNZx93QtpBp7CQBTVwPlYCONvahbo,마음은 어린,375,141,111,False,False,False,False
GRANDMASTER,v4fOjUcM0Wp6AMDkpN_aEtxD4WeLI1OK3bRq6sBoXnH5iw,근성맨,355,528,495,True,False,False,False
GRANDMASTER,rwY_avN4b18TyOMLko_T5wfrD8twL5BwmPhAvOzBmEuRYRfgrpOx_62cYw,shdudwls,251,178,137,False,False,False,False
GRANDMASTER,oCv8kSaFAtfgjVy5V6oLJ-EchLByguE2Ma0e0Dm3l4_j8Ok,UijU,390,441,431,True,False,False,False
GRANDMASTER,tG4FMG5I_hgiFe42VW7aFmSbPkCjg-R12crRbdglML1sKno,꾸락지,269,255,236,False,False,False,False
GRANDMASTER,1utB-hWJ0opDUNyao_tRi5HLwOlu0D2Vx9bJZuECeMblCg,으 화나썽,410,230,194,True,False,False,True
GRANDMASTER,xSBbk94JxoZwl4AfFJCdnNhAxMrHcOfh6D8Mp5XfQ7FrfPM5o5YOMrAEHQ,imperial Cookie,351,104,71,False,False,False,False
GRANDMASTER,e-1K7YxcSGpQDYIKUj6Aw3vzXvMUb6EqsBbObvGhmNg-Qlg,The Marchen,313,330,307,False,False,True,False
GRANDMASTER,mLKtMbDzxSYVuAzTgEexJvG7rrXbpYTe9GBCRpBqWD6rO8r6Pn3851SoCA,happy ganne2,206,217,187,False,False,False,False
GRANDMASTER,pkGTP9hDH4FYhfeXALKJo1jOT5AsV6UJQumAn17ysac16Q,잠만보미,354,189,170,False,False,False,True
GRANDMASTER,x2USO1Jvu_Xg7RqyAMB5tuyG6e2WoBbsJPb54SZbPk2DCQ8,Golden colt17,277,329,286,False,False,True,False
GRANDMASTER,Y5-O-qDj7uS5RdJ7PIvzDrzMLCQH7Qcsgra9KpJtbLEj5s0,쿠 리2,270,189,177,False,False,False,False
GRANDMASTER,WeAUWLYXaAVG-x1pjECd9v-uaDe12kGUFCqUgA5UZwA8bllU,KT Bonnie,519,226,199,True,False,False,False
GRANDMASTER,4-jz2k4zW2lWkAUHnci_nemLB7QvzQj07j04qAGpSsDSFQ,잘치는도구,396,248,209,False,False,True,False
GRANDMASTER,JzhaaT1PyQXNy1SFkiiPvMWy9TGKBibLgU8rRaG1hRC7YWc,유진,374,366,340,False,False,False,True
GRANDMASTER,1rjfwJ-tdEx19YbnbuqSvIpDrtsUPekgrwXOwb9VaSKzPb_ciTuJKRjCqQ,PKM 기라티나,301,192,179,False,False,False,False
GRANDMASTER,Ty7p1jRV6kgm9NLwdXM0xhoa4vBFWYBB3IMzmjdHnnCZOSU,RUlNKING,448,119,88,False,False,False,False
GRANDMASTER,Gt7eQs9-4yaamLS1c7T4DAniJ-mE2-fnkuvM8YsWFBvvj88,Yunway,208,103,94,False,False,True,False
GRANDMASTER,CyPllqt_MhjT-fITQgxvUKcm037EEnE4uzg1oIk9OjvxPoY,5201314,223,466,423,False,False,True,False
GRANDMASTER,6Z5fr1A52xEkc3ShlAZ89l_K6yhU7z45dThUJPsPKC1PzIc,우또기,375,308,275,False,False,True,False
GRANDMASTER,cIZsxP17WL7N_FgK5P2N7hpx_h6c5NxeBg3FYF2BiRmtdlI,BRO bambi,280,147,122,False,False,False,True
GRANDMASTER,pcQ0iY-Wx93vqRek_ir53nf1EIYqFB7RhTCLzaqjLJ4SnUU,가루눈 OwO,528,131,106,False,False,True,False
GRANDMASTER,XGA272VKQYBjDaCB5qlGCH7LgFstA2IjakLG9xlKFu_5wuc,유쟁구,265,53,34,False,False,True,False
GRANDMASTER,UccJKQJfqO3a7Afgd48sx4OYGspckZdNFfUqi-UEZoRhb7XX,김병준수,213,109,94,False,False,True,False
GRANDMASTER,N3Rw5mi0xOmUorgGR6g3wmV4w1Md056XUpl8p0lTWo3bdPuX,평범한 숟가락,483,538,506,False,False,False,False
GRANDMASTER,Zq7puvGJxRRf2h6Hqg78U0-Vqgmbo7C6bnRVQbEr13BQU1U,당근채찍맞는Cs,454,121,99,False,False,False,False
GRANDMASTER,tTK8TrVjCxkRbje1bpEaG7H3on16TXQf17ve1I-i1ubOJsE,lolRuby,489,184,166,False,False,True,False
GRANDMASTER,c6hwgrJKoe_4Q9axCvKQjD9lJhnUzsNSZCZpaM_oZ3LmMQ,Creative Self,208,120,102,False,False,False,False
GRANDMASTER,Gxv_OypQg2BgqjcmhDfxN_dzi-XGTJNXByQ2uEIDzrDWytM,Yukinee,380,395,369,False,False,True,False
GRANDMASTER,3KsBDnfI2z3lw-rNsMpOXx0Sk23MRHVv4WpBtzFEcT9MQrt0mi7zAv4h1A,한대맞고44번치기,198,273,244,False,False,True,False
GRANDMASTER,WFvtp3tAYlfiCegfaDTlzx8xrqmVnj2x75GOurfVvBfO5uw,오 희태식이,242,223,208,False,False,False,False
GRANDMASTER,PTNHftK2haIVYV4fFI9qbycFxLnwlIBY91RA3eofO3ZOHlU,Shadow snail,452,209,180,False,False,False,False
GRANDMASTER,m65-4YMXYK3NTo8mnbhtYy0hNwzlBspE3jJx-qBDu3injWk,새가슴남자,308,113,95,False,False,True,False
GRANDMASTER,rOHQFG0Fx5a-ORlROTAdBODdOWZuWuq8qPp4gxzSTswVpKpY,lvye2,447,153,130,False,False,True,False
GRANDMASTER,gcc33DcxDm7NEKUatRAUIlTohflMfxcdiWP3hyoz3sIQXSbnnX4ZkSol5Q,IRELKlNG,443,95,56,False,False,False,False
GRANDMASTER,uATSPFFUY1ycLZLGUgin3MsvZk_yVG4ofRn9QSRWE2cs7Rw,BRO Taeryung,307,209,174,False,False,True,False
GRANDMASTER,AxKZdFaErtD36Y1vAAnex9FkSY2im_0emlAoSEfXxgumW4LuOcVa32z9HA,나도꿈이있었다,290,88,58,False,False,False,False
GRANDMASTER,9fM74lmSzasydfgXcyZx5jAyTw2LPBbjB41MhFNJLkX1hXilXfOicaYdgQ,jiaherenwa,238,226,185,False,False,True,False
GRANDMASTER,5ZSGrFkUYV7rNLW8t5fw8rVQXyEPCvd5ca1zoUF4SSUqPEA,버 돌,523,183,167,False,False,True,False
GRANDMASTER,mtYh0EbFP4SPWIPbT5rsvjnI7WT_ifWhRHp7--gGDesjyGkU9vIHb9JdgQ,저는훈남입다,430,97,56,False,False,False,False
GRANDMASTER,7uG93hCdeS4BtNcz3jUQqDG2F4C1E3ril8BTAgEE1kJ3XaA,2000 02 09,501,404,380,True,False,False,False
GRANDMASTER,51tuHsM5TPnllI_DN2f-Y-tRL7eNzgh-rY8Bhzs41Xl8b2w,HyoJun2,311,225,196,False,False,False,False
GRANDMASTER,4qg0enUaBQxY_i4HchNtYHd9gTRTGmyFMdOd60tSzXp-Zi0,RNG장형석,236,99,68,False,False,False,False
GRANDMASTER,flXKn0KDOmgupe3hvpia5fA-Xw8JoeK7i7tly2TFdUH-pBU,2001 05 13,214,335,330,True,False,False,False
GRANDMASTER,kKOZPvE1URj8j8mU6Y8awHq0ggoXEK-_6WBUbSXdBquAM-8,애디는 못말려,415,415,398,False,False,False,False
GRANDMASTER,TwwD27pXNHwd6AcQyC9ZDlobaCREmK0yvCpf-odgUixPoes,Wafahaka,507,193,156,False,False,True,False
GRANDMASTER,Gn9WIDV9s2ljkwBAsjBon7QyAMmtLxI9MvuDbHNqOYeSH64,TESzhao740565123,193,433,399,False,False,True,False
GRANDMASTER,Y5737CRbNY92r60yJR-_0rqKF65eNqG3FqJZXyomFy0BDEPk,ACL PioNeeR,353,148,125,False,False,False,False
GRANDMASTER,PzUOQZmcERG5Tjr3YdmmuVoIyRxmWHU-zbk5HpdD99wPyn9M84iqhhVBVg,검누렁이,297,54,26,False,False,True,True
GRANDMASTER,Fs8TXVpcAE2k9gO3FyfF1rBtk5vi035IKNov2_QbINw7TQw,조광희1,364,58,25,False,False,False,False
GRANDMASTER,jE76m-tw16RPVVvHu1mWwCIKlCobr4sB4YTAcyirqG_E9Lk,Seo1i,467,322,288,False,False,False,True
GRANDMASTER,T7QrYJPjrQAYYm2dx54FQOommn0mtjzRxDHb-6sVpvkKA5G9CvOpvvwarg,lilillo,317,180,160,True,False,False,False
GRANDMASTER,zuL36WFbSLopj62JGUeZBaqqfFiRTzpnxWmvYySSSviA6Bk,Synthesizerr,365,339,322,True,False,False,False
GRANDMASTER,3yrRgtLVqvo3QZlYUKhw28VfpTRfbzNPVDeyPYhfa9QNHPSWFKPn4V1HCQ,lovestrucker,494,278,231,False,False,False,False
GRANDMASTER,Ut7WfjaBXW4cDi2pITXWW-lOD_NppNdGd-tgN_gawz0gqglZwuDBx5pndw,나 는 날 고 싶다,419,116,82,False,False,False,False
GRANDMASTER,zQG9ZsaPFnKQxgA13AEi5KOjFOx8xRr_zNCGpT8iSfARSpI,어제보단잘하자,381,118,93,False,False,False,False
GRANDMASTER,WchsQhigCdb_a29vQ2ME8ZuoinW7X5zP6lHc9HQ4xP7vhhD52T0reawHsA,qmanzbxvc,501,84,51,False,False,False,False
GRANDMASTER,VtuESkD6sJVuvZS1QxkTXJ218JHBNxx8_HTgStU0jyNEb2k,제주사는치매청년,291,239,214,False,False,True,False
GRANDMASTER,rixGwvUBsxiYNbRR-plA9HhuXx_ycNfu2JCEa8HB45FI8pM,By 불비,467,239,219,False,False,False,False
GRANDMASTER,KWuRwIKruGS2VZHfDPhx-cr0W1xhpiShncTsFEs65jGG3xE,LaP1s ,405,250,218,False,False,False,True
GRANDMASTER,iIswiUuFwjYXJfoyBFMyGtimWSnt3nr7wvTGptVjNNdSlKN6,Over Pack,317,68,49,False,False,False,False
GRANDMASTER,YhonPGsz3oacHUNbre2dlUSCXitIheFQTTmvTVv16Lf6LP0,작두콩아저씨,208,251,188,False,False,True,False
GRANDMASTER,T82of4toWRcDjgT10gDPxwlsldnRHSVlmsFiSeiYCuz_-S8QLqY3zQkDkw,so cynical1,125,193,171,False,False,True,z-cndW4LZlkzcNwnuYKxwufJiY5-b79BDIQ7hrNnLwJ9uxJTa5lW1P0f
GRANDMASTER,vzX3sTBAXg9iOa71LyEzKei-xJnuqV1k_NrMiyTK5h90L8K8ET-vBkt7zQ,bainiaochaofeng ,500,89,48,False,False,True,ltUZ0FNPeRQJhgue_f9LJMdpBV4IeFejwFinpYmV11iobbvRnzeebFtc
GRANDMASTER,VKewMyewy6kk3zYy7FpOyLdqoD9aETQS6Cie5sel_QheWxqkdGoyUdBY_A,AAApangnuoAAA,283,274,218,False,False,True,2qhWAq5A2z-SkgiIeqAACOSoVyVwJh1J_YD90lBHfqD5xKWo0o5yH_bA
GRANDMASTER,6ziPMIVdkfJg6g31k0v-QVPNucBaRWjZHdhZcQIorhiWf7Y,DRX 홍창현,489,243,213,True,False,False,tY0kS6-S7wP3TfrKqzrNEMmfrHv_8VDls49edgodgS6GVbY
GRANDMASTER,kiHFngRlsjT-JvkPJjVYCGFoj8mMPSoAAeYSCYlAHbDvGg,분옥이,226,94,68,False,False,False,bd9Hxeq1FQCchyJJHyMUgML0ufP9XBYFaOsqyJnksaS5
GRANDMASTER,XZr6W1DTEUnjtqUvU-WgWsGUsDFkm4XQ4B_kQLP-QV4Yb-Ls,DaiYunQing,200,67,59,False,False,True,I6-7nTkRqd0GX_0cstwj9_W2SFXxztjg3nNS0kFDdeNde13HalOUX7cj
GRANDMASTER,s-xGe1nF7eUTboAgQURtgpRbpNCh09ZJBJ-nKl_tQIrtmwI,sdawxl,438,82,57,False,False,False,oHVJvoXR64yXNu3tD2jcA6dwXqyxuu1qwZEsINRNAENrAZA
GRANDMASTER,zXNYWu1jA_c_BHY_QINUhLShsgwenWH8HBPMPOfdsDDj7yo,SUPER MlD,400,154,120,False,False,False,Pr1OcC9dPUxCJGk_bxa0hdPk95UjhjhI-khq2c9jbT18FFc
GRANDMASTER,FMzUsEcKO3MPhhJZMcBVxSB7O7jaoz68DYvPJapR8FwWKFg,wh4tever,350,178,159,False,False,True,MTamh-28LsvS46jiXdH-acbt6vpfDDsKjXWNMyJ76UFxaXo
GRANDMASTER,6pgnRrWXE7OSJZvbTXStC9OoXnfwn5XfoPjrm4Q_coq1ekU,메이첼,336,274,250,True,False,False,xH39c3qTyoLbn1e6PRqe0MKIYNpcXTSZVLEVSsygzjLRXh_8XcRmg5nL
GRANDMASTER,E4Gvok85GKiE5r2EjDjuUC9Mw0TdloZDRn4IFgVxxTQZEjM,7aNa,481,509,471,True,False,False,DAROXFyReJzK4r49kZDSvtwwDUKGbZYTaArCqSo6HN2Jxgw
GRANDMASTER,jyhEgEtdViD7_5ClwYr0x5AH7Cl5ZGZy0hNLsM5riZ-BANjq,anyelieshou1,229,333,296,False,False,True,xgUTbLnLNRRSJDNCA1N_h0dbmjvCvZfS-8tDu5FqR4icNN9NBICVnwGG
GRANDMASTER,lmQEUByl_y8R8wussaae0Jmp2MLnhH8aj07_KtZaY4oTcrM6mm-Jccf52g,DYU impimp,332,111,80,False,False,False,HoQS8bEpoF46LygWQd4k5tzxY7vufDd8J4HiEOG8c2ZnZakGGc0Ggrl8
GRANDMASTER,tJEbX2tZkau1YGF2f9al5-N6VlCU-dkKLYWBsDgZEBuKHZM,SWHzzz,398,148,108,True,False,False,D01_gZGVEge2RZLfWQTynsSkzujPKORcLfGTTzFzeNCRPkqJ1mRGt8jb
GRANDMASTER,JWJwVqDbfQ2Pio5bpOr_52Vrcb-PYJtCYaQnn-nWd8uou7s,English marble,303,270,178,True,False,False,tIi9haZHZrZeTFqlgtuH08kAbinlWK8zybvhXaavBqNHX_A
GRANDMASTER,_aHZZmB5UjKGRfVl2NSE7N6m3eES6p0l1cfqpNtpf6ZR46E,tnedifnoc syawla,393,100,76,False,False,False,wDdMPud4R4ayonSfTxF7gmJmR8o2GEK44xHLOhI8qVYVeqScbennw9nJ
GRANDMASTER,khDEUpXGOriVU5dclNtBUSvzf4bAkQvbUBFtzMfEI_28RuA,DRX 크림,361,263,234,False,False,False,csdfslGoKLRs1kY9e2Kko8vTbgPS7KFvJ-543fWtwfgjOG55y0ien0MX
GRANDMASTER,i95teDwupJZ35JQgulyDBa661FHi9QP-KmD6E65Vpbzy7JVFWKe1KefDoQ,가오를 잡다,205,110,82,False,False,False,50G8Z1xAo4TrH62PBya82R9L58_USw26tOndyadYDOODnjHaxyknyVi6
GRANDMASTER,TOA5zc633DAm1nAzxD_BBQcwYsNtnaYmNF829WXrCnQnu3oxz3EFT-TPZA,wu yu wu qiu,302,231,193,True,False,False,JVOUDVdL6C_LYV04EQm-LUvsuGdIp5_-aS31hjaXeLL7igpuP86bvVdf
GRANDMASTER,7VpOpiqYgxUthU-4BRwQNi6wmqb3tFgC81UOdEbj8TsHd1Q,연신내 꿀밤,471,89,60,False,False,False,1513WDGnkaQwe1HzfANla8u5uPpT1xBa0iXf-LqmAfBn2BQ
GRANDMASTER,h3jzTPr3s5ljknfcm-Pr--g3J26DL9VTwK9A5nEAfm0v9RE,111111111112,318,358,340,False,False,False,qOZBogLBM6bfu_dkd2amQbt_tsT8M0K6QW191_zGsEML2-e0GufC0Eq5
GRANDMASTER,0d5h66jArxpst3cSfIN7E1NmCU3zchuPJtkFolFJdJ4x72A,하루평가,203,223,198,False,False,True,V4B8VJAHsriuziRI5u83RK5FIeMPTT9bXQNUEU92LXHRVwA
GRANDMASTER,TaLGoVVcmoui0ga1h6KFEc--L9wjdf742onWRxdlAP8wwI8,Mercieun,227,181,151,False,False,False,zq6HqOwkN9j9WQvO_fkppSW0-D1cK0HyXKlvgnrPhB_TIi4
GRANDMASTER,ERSTg0p4CYV7911dx3P03iUKxs01VcHkvPHBjMHrGwHOLA,Seiya,353,98,80,False,False,False,Lzf39nV13TZk4gAuU0wpiFpnxvYtczwXBTt6Jgk4Llmv
GRANDMASTER,v1Snr24b0tsvpait9GBlWf3o6l0jJiRooRGokWE71dayuy4,Pretender1,219,279,232,False,False,True,wpDphye4gkMH_Iap4I4q8qBHOXwRI0tETSTxDBIzztPyQYta3p-loeCR
GRANDMASTER,JJdKxYHis_MRoUdClmSqVdvAo4mesxvpnKg7ZuOe0biQ3bo,부리부리웰시코기,209,149,129,False,False,True,QaBxDWr0CAln4O5zplUgTWwJfGZ0IAzneLpkxeKHn7zwgb0
GRANDMASTER,6TKzu9y9b6piIOKvOkjljdvxvg-JebW1NB4m8PhFqE6EZqE,KUAM,373,238,184,False,False,False,1iqUp7KHKJIKgk1qRuNbo8JQIBe_7C_mhNn2iAE2pmWeXkw
